ID Transaksi,Tanggal Pembelian,Menu,Harga Satuan,Jumlah,Subtotal
1,"01-03-2026",Joshua,7000,1,7000
2,"01-03-2026",Joshua,7000,1,7000
2,"01-03-2026",Telur Goreng,3000,3,9000
3,"01-03-2026",Kopi Hitam,6000,2,12000
3,"01-03-2026",Teh Susu,7000,1,7000
4,"01-03-2026",Extra Joss,5000,1,5000
4,"01-03-2026",Nutrisari,5000,1,5000
5,"01-03-2026",Bimsu,7000,1,7000
5,"01-03-2026",Teh,4000,3,12000
6,"01-03-2026",Kopi Susu,7000,3,21000
6,"01-03-2026",Nutrisari,5000,1,5000
7,"01-03-2026",Joshua,7000,1,7000
7,"01-03-2026",Teh Susu,7000,1,7000
8,"01-03-2026",Teh,4000,1,4000
8,"01-03-2026",Joshua,7000,1,7000
9,"01-03-2026",Air Mineral,3000,1,3000
9,"01-03-2026",Kopi Susu,7000,3,21000
10,"01-03-2026",Es Kopi Susu,10000,2,20000
11,"01-03-2026",Joshua,7000,1,7000
11,"01-03-2026",Teh Susu,7000,1,7000
12,"01-03-2026",Kopi Hitam,6000,3,18000
13,"01-03-2026",Es Kopi Susu Aren,12000,1,12000
14,"01-03-2026",Kopi Hitam,6000,1,6000
15,"01-03-2026",Joshua,7000,1,7000
16,"01-03-2026",Beng-Beng,8000,2,16000
16,"01-03-2026",Teh,4000,2,8000
17,"01-03-2026",Teh Susu,7000,2,14000
18,"01-03-2026",Joshua,7000,1,7000
19,"01-03-2026",Giras Susu,8000,1,8000
20,"01-03-2026",Teh,4000,1,4000
20,"01-03-2026",Teh Susu,7000,1,7000
21,"01-03-2026",Matcha,8000,3,24000
22,"01-03-2026",Kopi Susu,7000,1,7000
22,"01-03-2026",Teh Susu,7000,1,7000
23,"01-03-2026",Joshua,7000,1,7000
23,"01-03-2026",Teh Susu,7000,2,14000
24,"01-03-2026",Teh,4000,1,4000
25,"01-03-2026",Extra Joss,5000,1,5000
26,"01-03-2026",Bimsu,7000,1,7000
27,"01-03-2026",Teh Susu,7000,1,7000
28,"02-03-2026",Teh,4000,3,12000
28,"02-03-2026",Joshua,7000,1,7000
29,"02-03-2026",Kopi Hitam,6000,1,6000
29,"02-03-2026",Kuku Bima,5000,1,5000
30,"02-03-2026",Giras,7000,2,14000
31,"02-03-2026",Kopi Susu,7000,1,7000
31,"02-03-2026",Air Mineral,3000,1,3000
32,"02-03-2026",Kopi Susu,7000,1,7000
32,"02-03-2026",Joshua,7000,1,7000
33,"02-03-2026",Teh,4000,1,4000
34,"02-03-2026",Milo,8000,2,16000
34,"02-03-2026",Joshua,7000,1,7000
35,"02-03-2026",Indomie,6000,1,6000
35,"02-03-2026",Teh,4000,1,4000
36,"02-03-2026",Kopi Jahe,6000,1,6000
36,"02-03-2026",Nutrisari,5000,1,5000
37,"02-03-2026",Es Kopi Susu,10000,1,10000
37,"02-03-2026",Nutrisari,5000,1,5000
38,"02-03-2026",Es Kopi Susu Aren,12000,1,12000
38,"02-03-2026",Kopi Jahe,6000,3,18000
39,"02-03-2026",Es Kopi Susu,10000,1,10000
39,"02-03-2026",Kopi Susu,7000,1,7000
40,"02-03-2026",Joshua,7000,1,7000
41,"02-03-2026",Teh,4000,1,4000
41,"02-03-2026",Kopi Hitam,6000,3,18000
42,"02-03-2026",Kopi Susu,7000,1,7000
42,"02-03-2026",Kuku Bima,5000,3,15000
43,"02-03-2026",Milo,8000,1,8000
43,"02-03-2026",Taro,8000,1,8000
44,"02-03-2026",Teh,4000,2,8000
44,"02-03-2026",Extra Joss,5000,1,5000
45,"02-03-2026",Telur Goreng,3000,1,3000
46,"02-03-2026",Joshua,7000,1,7000
46,"02-03-2026",Taro,8000,2,16000
47,"02-03-2026",Kopi Jahe,6000,1,6000
48,"02-03-2026",Joshua,7000,1,7000
49,"02-03-2026",Joshua,7000,1,7000
49,"02-03-2026",Kopi Susu,7000,2,14000
50,"03-03-2026",Kopi Jahe,6000,1,6000
51,"03-03-2026",Taro,8000,1,8000
52,"03-03-2026",Bimsu,7000,1,7000
52,"03-03-2026",Es Kopi Susu,10000,1,10000
53,"03-03-2026",Kopi Hitam,6000,1,6000
53,"03-03-2026",Giras Susu,8000,1,8000
54,"03-03-2026",Extra Joss,5000,1,5000
55,"03-03-2026",Matcha,8000,1,8000
55,"03-03-2026",Kopi Hitam,6000,1,6000
56,"03-03-2026",Air Mineral,3000,1,3000
56,"03-03-2026",Beng-Beng,8000,1,8000
57,"03-03-2026",Teh Susu,7000,1,7000
58,"03-03-2026",Giras Susu,8000,1,8000
59,"03-03-2026",Joshua,7000,1,7000
60,"03-03-2026",Teh Susu,7000,1,7000
61,"03-03-2026",Air Mineral,3000,1,3000
61,"03-03-2026",Teh,4000,1,4000
62,"03-03-2026",Kopi Jahe,6000,1,6000
63,"03-03-2026",Nutrisari Susu,7000,1,7000
64,"03-03-2026",Matcha,8000,1,8000
65,"03-03-2026",Bimsu,7000,2,14000
66,"03-03-2026",Teh Susu,7000,1,7000
67,"03-03-2026",Teh,4000,1,4000
67,"03-03-2026",Joshua,7000,1,7000
68,"03-03-2026",Kopi Hitam,6000,1,6000
68,"03-03-2026",Indomie,6000,1,6000
69,"03-03-2026",Nutrisari,5000,1,5000
69,"03-03-2026",Air Mineral,3000,2,6000
70,"03-03-2026",Joshua,7000,1,7000
71,"03-03-2026",Es Kopi Susu,10000,2,20000
72,"03-03-2026",Indomie,6000,1,6000
72,"03-03-2026",Teh,4000,1,4000
73,"03-03-2026",Air Mineral,3000,3,9000
74,"03-03-2026",Joshua,7000,3,21000
75,"03-03-2026",Joshua,7000,3,21000
75,"03-03-2026",Extra Joss,5000,2,10000
76,"03-03-2026",Kopi Hitam,6000,1,6000
76,"03-03-2026",Giras Susu,8000,1,8000
77,"03-03-2026",Es Kopi Susu,10000,1,10000
78,"04-03-2026",Joshua,7000,2,14000
78,"04-03-2026",Es Kopi Susu,10000,1,10000
79,"04-03-2026",Susu,5000,1,5000
79,"04-03-2026",Extra Joss,5000,1,5000
80,"04-03-2026",Joshua,7000,1,7000
80,"04-03-2026",Taro,8000,2,16000
81,"04-03-2026",Susu,5000,1,5000
81,"04-03-2026",Joshua,7000,2,14000
82,"04-03-2026",Giras,7000,1,7000
82,"04-03-2026",Taro,8000,1,8000
83,"04-03-2026",Kopi Hitam,6000,2,12000
84,"04-03-2026",Es Kopi Susu Aren,12000,1,12000
85,"04-03-2026",Bimsu,7000,2,14000
85,"04-03-2026",Teh Susu,7000,1,7000
86,"04-03-2026",Telur Goreng,3000,1,3000
87,"04-03-2026",Indomie,6000,1,6000
87,"04-03-2026",Kopi Susu,7000,1,7000
88,"04-03-2026",Giras Susu,8000,2,16000
88,"04-03-2026",Indomie,6000,1,6000
89,"04-03-2026",Joshua,7000,2,14000
89,"04-03-2026",Teh Susu,7000,1,7000
90,"04-03-2026",Kopi Hitam,6000,1,6000
90,"04-03-2026",Joshua,7000,1,7000
91,"04-03-2026",Kopi Susu,7000,1,7000
92,"04-03-2026",Joshua,7000,1,7000
92,"04-03-2026",Giras,7000,1,7000
93,"04-03-2026",Air Mineral,3000,1,3000
94,"04-03-2026",Kopi Hitam,6000,1,6000
95,"04-03-2026",Kopi Jahe,6000,1,6000
96,"04-03-2026",Kopi Susu,7000,1,7000
97,"04-03-2026",Joshua,7000,1,7000
97,"04-03-2026",Nutrisari,5000,1,5000
98,"04-03-2026",Joshua,7000,1,7000
98,"04-03-2026",Beng-Beng,8000,1,8000
99,"04-03-2026",Kopi Hitam,6000,1,6000
99,"04-03-2026",Teh,4000,1,4000
100,"04-03-2026",Air Mineral,3000,1,3000
101,"04-03-2026",Kuku Bima,5000,1,5000
101,"04-03-2026",Nutrisari Susu,7000,1,7000
102,"04-03-2026",Kuku Bima,5000,1,5000
102,"04-03-2026",Nutrisari,5000,1,5000
103,"05-03-2026",Taro,8000,1,8000
103,"05-03-2026",Telur Goreng,3000,1,3000
104,"05-03-2026",Kopi Hitam,6000,1,6000
104,"05-03-2026",Kopi Susu,7000,2,14000
105,"05-03-2026",Nutrisari,5000,1,5000
105,"05-03-2026",Joshua,7000,1,7000
106,"05-03-2026",Giras Susu,8000,2,16000
106,"05-03-2026",Joshua,7000,2,14000
107,"05-03-2026",Kopi Hitam,6000,1,6000
107,"05-03-2026",Kopi Susu,7000,1,7000
108,"05-03-2026",Kopi Hitam,6000,1,6000
108,"05-03-2026",Kopi Jahe,6000,1,6000
109,"05-03-2026",Kuku Bima,5000,2,10000
110,"05-03-2026",Joshua,7000,1,7000
110,"05-03-2026",Nutrisari Susu,7000,1,7000
111,"05-03-2026",Kopi Hitam,6000,1,6000
112,"05-03-2026",Joshua,7000,1,7000
113,"05-03-2026",Telur Goreng,3000,1,3000
114,"05-03-2026",Taro,8000,2,16000
115,"05-03-2026",Air Mineral,3000,1,3000
115,"05-03-2026",Susu,5000,1,5000
116,"05-03-2026",Teh Susu,7000,1,7000
116,"05-03-2026",Nutrisari,5000,1,5000
117,"05-03-2026",Kopi Susu,7000,1,7000
117,"05-03-2026",Es Kopi Susu Aren,12000,1,12000
118,"05-03-2026",Teh Susu,7000,1,7000
119,"05-03-2026",Matcha,8000,1,8000
119,"05-03-2026",Joshua,7000,1,7000
120,"05-03-2026",Kopi Hitam,6000,1,6000
121,"05-03-2026",Kopi Hitam,6000,1,6000
122,"05-03-2026",Air Mineral,3000,2,6000
122,"05-03-2026",Joshua,7000,1,7000
123,"05-03-2026",Joshua,7000,1,7000
124,"05-03-2026",Extra Joss,5000,1,5000
124,"05-03-2026",Es Kopi Susu,10000,1,10000
125,"05-03-2026",Kopi Susu,7000,1,7000
126,"05-03-2026",Telur Goreng,3000,1,3000
127,"05-03-2026",Joshua,7000,1,7000
127,"05-03-2026",Extra Joss,5000,1,5000
128,"06-03-2026",Taro,8000,1,8000
128,"06-03-2026",Bimsu,7000,1,7000
129,"06-03-2026",Indomie,6000,2,12000
130,"06-03-2026",Kopi Susu,7000,1,7000
130,"06-03-2026",Nutrisari,5000,1,5000
131,"06-03-2026",Joshua,7000,1,7000
132,"06-03-2026",Teh Susu,7000,1,7000
132,"06-03-2026",Extra Joss,5000,1,5000
133,"06-03-2026",Extra Joss,5000,1,5000
134,"06-03-2026",Nutrisari Susu,7000,2,14000
134,"06-03-2026",Joshua,7000,2,14000
135,"06-03-2026",Teh,4000,1,4000
135,"06-03-2026",Nutrisari,5000,1,5000
136,"06-03-2026",Nutrisari,5000,1,5000
137,"06-03-2026",Es Kopi Susu,10000,1,10000
137,"06-03-2026",Kopi Susu,7000,1,7000
138,"06-03-2026",Kopi Hitam,6000,2,12000
139,"06-03-2026",Indomie,6000,1,6000
140,"06-03-2026",Kopi Susu,7000,1,7000
141,"06-03-2026",Teh,4000,1,4000
141,"06-03-2026",Nutrisari,5000,1,5000
142,"06-03-2026",Teh,4000,1,4000
143,"06-03-2026",Kopi Susu,7000,1,7000
143,"06-03-2026",Kopi Hitam,6000,1,6000
144,"06-03-2026",Giras,7000,1,7000
144,"06-03-2026",Telur Goreng,3000,1,3000
145,"06-03-2026",Kopi Hitam,6000,2,12000
145,"06-03-2026",Giras,7000,2,14000
146,"06-03-2026",Kopi Hitam,6000,1,6000
147,"06-03-2026",Kopi Susu,7000,2,14000
148,"06-03-2026",Kuku Bima,5000,2,10000
148,"06-03-2026",Kopi Hitam,6000,1,6000
149,"06-03-2026",Kopi Susu,7000,2,14000
150,"06-03-2026",Bimsu,7000,1,7000
150,"06-03-2026",Teh Susu,7000,1,7000
151,"06-03-2026",Nutrisari,5000,2,10000
151,"06-03-2026",Taro,8000,1,8000
152,"06-03-2026",Beng-Beng,8000,1,8000
152,"06-03-2026",Kopi Susu,7000,2,14000
153,"07-03-2026",Joshua,7000,1,7000
153,"07-03-2026",Kopi Susu,7000,1,7000
154,"07-03-2026",Joshua,7000,1,7000
155,"07-03-2026",Beng-Beng,8000,1,8000
155,"07-03-2026",Giras Susu,8000,2,16000
156,"07-03-2026",Joshua,7000,3,21000
156,"07-03-2026",Es Kopi Susu,10000,1,10000
157,"07-03-2026",Matcha,8000,1,8000
157,"07-03-2026",Teh,4000,1,4000
158,"07-03-2026",Teh Susu,7000,1,7000
158,"07-03-2026",Joshua,7000,1,7000
159,"07-03-2026",Susu,5000,1,5000
160,"07-03-2026",Kopi Susu,7000,1,7000
161,"07-03-2026",Matcha,8000,3,24000
161,"07-03-2026",Kopi Susu,7000,1,7000
162,"07-03-2026",Teh Susu,7000,2,14000
163,"07-03-2026",Teh Susu,7000,1,7000
163,"07-03-2026",Giras Susu,8000,1,8000
164,"07-03-2026",Beng-Beng,8000,1,8000
165,"07-03-2026",Kuku Bima,5000,1,5000
165,"07-03-2026",Joshua,7000,1,7000
166,"07-03-2026",Milo,8000,1,8000
167,"07-03-2026",Telur Goreng,3000,1,3000
167,"07-03-2026",Kopi Susu,7000,1,7000
168,"07-03-2026",Es Kopi Susu,10000,1,10000
169,"07-03-2026",Joshua,7000,2,14000
169,"07-03-2026",Teh Susu,7000,1,7000
170,"07-03-2026",Kopi Susu,7000,1,7000
170,"07-03-2026",Kopi Hitam,6000,1,6000
171,"07-03-2026",Nutrisari,5000,1,5000
172,"07-03-2026",Telur Goreng,3000,1,3000
172,"07-03-2026",Joshua,7000,1,7000
173,"07-03-2026",Kopi Susu,7000,1,7000
173,"07-03-2026",Kopi Hitam,6000,1,6000
174,"07-03-2026",Kopi Susu,7000,1,7000
174,"07-03-2026",Matcha,8000,1,8000
175,"07-03-2026",Air Mineral,3000,1,3000
175,"07-03-2026",Joshua,7000,1,7000
176,"07-03-2026",Milo,8000,2,16000
177,"07-03-2026",Nutrisari Susu,7000,2,14000
178,"08-03-2026",Es Kopi Susu,10000,1,10000
179,"08-03-2026",Taro,8000,1,8000
179,"08-03-2026",Joshua,7000,1,7000
180,"08-03-2026",Giras,7000,1,7000
180,"08-03-2026",Kopi Hitam,6000,2,12000
181,"08-03-2026",Es Kopi Susu,10000,1,10000
182,"08-03-2026",Joshua,7000,1,7000
182,"08-03-2026",Giras Susu,8000,2,16000
183,"08-03-2026",Giras,7000,1,7000
183,"08-03-2026",Teh Susu,7000,1,7000
184,"08-03-2026",Kuku Bima,5000,2,10000
184,"08-03-2026",Teh Susu,7000,1,7000
185,"08-03-2026",Joshua,7000,1,7000
186,"08-03-2026",Teh Susu,7000,1,7000
186,"08-03-2026",Kopi Hitam,6000,2,12000
187,"08-03-2026",Giras Susu,8000,1,8000
187,"08-03-2026",Nutrisari,5000,2,10000
188,"08-03-2026",Indomie,6000,1,6000
189,"08-03-2026",Kopi Susu,7000,1,7000
190,"08-03-2026",Es Kopi Susu Aren,12000,1,12000
191,"08-03-2026",Kopi Jahe,6000,2,12000
192,"08-03-2026",Matcha,8000,1,8000
192,"08-03-2026",Joshua,7000,2,14000
193,"08-03-2026",Kopi Susu,7000,2,14000
194,"08-03-2026",Teh,4000,2,8000
195,"08-03-2026",Es Kopi Susu Aren,12000,1,12000
196,"08-03-2026",Kopi Hitam,6000,1,6000
197,"08-03-2026",Kopi Susu,7000,1,7000
198,"08-03-2026",Nutrisari Susu,7000,3,21000
199,"08-03-2026",Kopi Susu,7000,2,14000
199,"08-03-2026",Kopi Jahe,6000,1,6000
200,"09-03-2026",Telur Goreng,3000,2,6000
201,"09-03-2026",Kopi Hitam,6000,1,6000
202,"09-03-2026",Es Kopi Susu Aren,12000,2,24000
203,"09-03-2026",Teh Susu,7000,1,7000
203,"09-03-2026",Teh,4000,2,8000
204,"09-03-2026",Kopi Hitam,6000,1,6000
204,"09-03-2026",Kopi Susu,7000,1,7000
205,"09-03-2026",Joshua,7000,1,7000
205,"09-03-2026",Extra Joss,5000,1,5000
206,"09-03-2026",Kopi Susu,7000,1,7000
206,"09-03-2026",Extra Joss,5000,1,5000
207,"09-03-2026",Joshua,7000,1,7000
207,"09-03-2026",Giras,7000,3,21000
208,"09-03-2026",Giras,7000,1,7000
209,"09-03-2026",Teh,4000,1,4000
209,"09-03-2026",Joshua,7000,1,7000
210,"09-03-2026",Teh,4000,1,4000
210,"09-03-2026",Indomie,6000,1,6000
211,"09-03-2026",Susu,5000,3,15000
211,"09-03-2026",Taro,8000,2,16000
212,"09-03-2026",Matcha,8000,1,8000
212,"09-03-2026",Kopi Susu,7000,1,7000
213,"09-03-2026",Joshua,7000,1,7000
213,"09-03-2026",Kopi Susu,7000,1,7000
214,"09-03-2026",Taro,8000,1,8000
214,"09-03-2026",Joshua,7000,1,7000
215,"09-03-2026",Taro,8000,3,24000
216,"09-03-2026",Kopi Susu,7000,1,7000
217,"09-03-2026",Teh Susu,7000,1,7000
217,"09-03-2026",Teh,4000,1,4000
218,"09-03-2026",Es Kopi Susu,10000,2,20000
218,"09-03-2026",Bimsu,7000,1,7000
219,"09-03-2026",Joshua,7000,1,7000
219,"09-03-2026",Kopi Susu,7000,2,14000
220,"09-03-2026",Kopi Hitam,6000,1,6000
220,"09-03-2026",Teh,4000,1,4000
221,"09-03-2026",Beng-Beng,8000,1,8000
221,"09-03-2026",Joshua,7000,1,7000
222,"09-03-2026",Teh Susu,7000,1,7000
223,"09-03-2026",Teh Susu,7000,1,7000
224,"09-03-2026",Kopi Susu,7000,1,7000
224,"09-03-2026",Indomie,6000,1,6000
225,"10-03-2026",Joshua,7000,2,14000
226,"10-03-2026",Teh,4000,2,8000
227,"10-03-2026",Giras Susu,8000,3,24000
228,"10-03-2026",Nutrisari Susu,7000,1,7000
228,"10-03-2026",Joshua,7000,1,7000
229,"10-03-2026",Joshua,7000,1,7000
230,"10-03-2026",Kopi Susu,7000,1,7000
230,"10-03-2026",Giras Susu,8000,1,8000
231,"10-03-2026",Giras,7000,1,7000
232,"10-03-2026",Kopi Susu,7000,1,7000
232,"10-03-2026",Teh Susu,7000,2,14000
233,"10-03-2026",Joshua,7000,3,21000
233,"10-03-2026",Indomie,6000,1,6000
234,"10-03-2026",Joshua,7000,2,14000
234,"10-03-2026",Indomie,6000,1,6000
235,"10-03-2026",Telur Goreng,3000,1,3000
235,"10-03-2026",Taro,8000,1,8000
236,"10-03-2026",Joshua,7000,1,7000
237,"10-03-2026",Telur Goreng,3000,1,3000
237,"10-03-2026",Teh,4000,3,12000
238,"10-03-2026",Kopi Susu,7000,3,21000
239,"10-03-2026",Indomie,6000,1,6000
239,"10-03-2026",Matcha,8000,1,8000
240,"10-03-2026",Joshua,7000,2,14000
240,"10-03-2026",Teh,4000,1,4000
241,"10-03-2026",Kopi Jahe,6000,1,6000
242,"10-03-2026",Susu,5000,1,5000
242,"10-03-2026",Teh,4000,1,4000
243,"10-03-2026",Kopi Jahe,6000,1,6000
243,"10-03-2026",Joshua,7000,2,14000
244,"10-03-2026",Nutrisari Susu,7000,1,7000
245,"10-03-2026",Kopi Susu,7000,1,7000
245,"10-03-2026",Telur Goreng,3000,1,3000
246,"10-03-2026",Es Kopi Susu Aren,12000,1,12000
246,"10-03-2026",Indomie,6000,1,6000
247,"10-03-2026",Indomie,6000,1,6000
248,"10-03-2026",Indomie,6000,1,6000
249,"10-03-2026",Indomie,6000,1,6000
249,"10-03-2026",Joshua,7000,1,7000
250,"11-03-2026",Giras Susu,8000,1,8000
250,"11-03-2026",Taro,8000,1,8000
251,"11-03-2026",Kopi Hitam,6000,1,6000
252,"11-03-2026",Teh Susu,7000,1,7000
253,"11-03-2026",Kopi Hitam,6000,1,6000
253,"11-03-2026",Joshua,7000,1,7000
254,"11-03-2026",Joshua,7000,2,14000
255,"11-03-2026",Giras Susu,8000,2,16000
255,"11-03-2026",Taro,8000,1,8000
256,"11-03-2026",Kopi Hitam,6000,1,6000
256,"11-03-2026",Teh Susu,7000,1,7000
257,"11-03-2026",Matcha,8000,1,8000
258,"11-03-2026",Joshua,7000,1,7000
259,"11-03-2026",Matcha,8000,1,8000
260,"11-03-2026",Teh,4000,1,4000
260,"11-03-2026",Giras,7000,1,7000
261,"11-03-2026",Kopi Susu,7000,2,14000
262,"11-03-2026",Joshua,7000,1,7000
263,"11-03-2026",Kopi Hitam,6000,1,6000
264,"11-03-2026",Giras Susu,8000,1,8000
265,"11-03-2026",Kopi Hitam,6000,2,12000
266,"11-03-2026",Teh,4000,2,8000
266,"11-03-2026",Kopi Hitam,6000,1,6000
267,"11-03-2026",Kopi Hitam,6000,2,12000
268,"11-03-2026",Extra Joss,5000,1,5000
269,"11-03-2026",Teh,4000,3,12000
269,"11-03-2026",Milo,8000,3,24000
270,"11-03-2026",Taro,8000,2,16000
270,"11-03-2026",Telur Goreng,3000,3,9000
271,"11-03-2026",Taro,8000,1,8000
271,"11-03-2026",Nutrisari Susu,7000,1,7000
272,"11-03-2026",Kopi Hitam,6000,1,6000
272,"11-03-2026",Nutrisari,5000,1,5000
273,"12-03-2026",Teh,4000,2,8000
274,"12-03-2026",Joshua,7000,2,14000
275,"12-03-2026",Matcha,8000,1,8000
275,"12-03-2026",Joshua,7000,1,7000
276,"12-03-2026",Joshua,7000,1,7000
277,"12-03-2026",Es Kopi Susu,10000,1,10000
278,"12-03-2026",Beng-Beng,8000,2,16000
278,"12-03-2026",Joshua,7000,1,7000
279,"12-03-2026",Kopi Susu,7000,2,14000
279,"12-03-2026",Telur Goreng,3000,1,3000
280,"12-03-2026",Giras,7000,1,7000
281,"12-03-2026",Kopi Susu,7000,1,7000
281,"12-03-2026",Joshua,7000,1,7000
282,"12-03-2026",Kopi Hitam,6000,1,6000
283,"12-03-2026",Indomie,6000,1,6000
284,"12-03-2026",Kopi Susu,7000,1,7000
284,"12-03-2026",Teh,4000,1,4000
285,"12-03-2026",Kopi Susu,7000,1,7000
285,"12-03-2026",Kopi Hitam,6000,2,12000
286,"12-03-2026",Kopi Susu,7000,1,7000
286,"12-03-2026",Joshua,7000,1,7000
287,"12-03-2026",Kopi Susu,7000,1,7000
287,"12-03-2026",Teh,4000,1,4000
288,"12-03-2026",Indomie,6000,1,6000
289,"12-03-2026",Matcha,8000,1,8000
289,"12-03-2026",Giras Susu,8000,1,8000
290,"12-03-2026",Kopi Hitam,6000,1,6000
291,"12-03-2026",Kopi Susu,7000,1,7000
291,"12-03-2026",Susu,5000,1,5000
292,"12-03-2026",Kopi Hitam,6000,1,6000
293,"12-03-2026",Kopi Susu,7000,1,7000
294,"12-03-2026",Kopi Susu,7000,1,7000
294,"12-03-2026",Indomie,6000,1,6000
295,"12-03-2026",Susu,5000,1,5000
295,"12-03-2026",Teh Susu,7000,1,7000
296,"12-03-2026",Indomie,6000,1,6000
296,"12-03-2026",Es Kopi Susu Aren,12000,1,12000
297,"12-03-2026",Teh Susu,7000,1,7000
298,"12-03-2026",Kopi Susu,7000,1,7000
299,"12-03-2026",Teh Susu,7000,2,14000
299,"12-03-2026",Nutrisari,5000,1,5000
300,"13-03-2026",Teh,4000,1,4000
300,"13-03-2026",Joshua,7000,1,7000
301,"13-03-2026",Kopi Hitam,6000,1,6000
302,"13-03-2026",Taro,8000,1,8000
302,"13-03-2026",Teh,4000,1,4000
303,"13-03-2026",Joshua,7000,1,7000
304,"13-03-2026",Kopi Susu,7000,1,7000
304,"13-03-2026",Air Mineral,3000,1,3000
305,"13-03-2026",Indomie,6000,1,6000
305,"13-03-2026",Kopi Hitam,6000,1,6000
306,"13-03-2026",Kopi Susu,7000,1,7000
307,"13-03-2026",Teh,4000,1,4000
307,"13-03-2026",Susu,5000,1,5000
308,"13-03-2026",Joshua,7000,1,7000
309,"13-03-2026",Kopi Susu,7000,1,7000
309,"13-03-2026",Teh,4000,3,12000
310,"13-03-2026",Teh Susu,7000,1,7000
310,"13-03-2026",Kopi Hitam,6000,1,6000
311,"13-03-2026",Teh Susu,7000,1,7000
311,"13-03-2026",Giras Susu,8000,2,16000
312,"13-03-2026",Joshua,7000,1,7000
312,"13-03-2026",Kopi Susu,7000,2,14000
313,"13-03-2026",Joshua,7000,1,7000
314,"13-03-2026",Teh Susu,7000,1,7000
315,"13-03-2026",Kopi Hitam,6000,1,6000
315,"13-03-2026",Teh Susu,7000,3,21000
316,"13-03-2026",Teh Susu,7000,2,14000
317,"13-03-2026",Joshua,7000,2,14000
318,"13-03-2026",Kopi Hitam,6000,1,6000
318,"13-03-2026",Telur Goreng,3000,2,6000
319,"13-03-2026",Kopi Susu,7000,1,7000
319,"13-03-2026",Joshua,7000,1,7000
320,"13-03-2026",Kopi Susu,7000,1,7000
320,"13-03-2026",Joshua,7000,1,7000
321,"13-03-2026",Joshua,7000,1,7000
321,"13-03-2026",Nutrisari,5000,1,5000
322,"13-03-2026",Kopi Hitam,6000,2,12000
323,"14-03-2026",Joshua,7000,3,21000
323,"14-03-2026",Kopi Hitam,6000,1,6000
324,"14-03-2026",Kopi Susu,7000,1,7000
325,"14-03-2026",Taro,8000,1,8000
325,"14-03-2026",Teh,4000,2,8000
326,"14-03-2026",Giras Susu,8000,1,8000
326,"14-03-2026",Joshua,7000,2,14000
327,"14-03-2026",Kopi Susu,7000,1,7000
328,"14-03-2026",Teh,4000,1,4000
329,"14-03-2026",Susu,5000,1,5000
329,"14-03-2026",Taro,8000,1,8000
330,"14-03-2026",Kopi Susu,7000,1,7000
330,"14-03-2026",Giras Susu,8000,1,8000
331,"14-03-2026",Joshua,7000,1,7000
332,"14-03-2026",Es Kopi Susu Aren,12000,2,24000
332,"14-03-2026",Telur Goreng,3000,2,6000
333,"14-03-2026",Joshua,7000,1,7000
333,"14-03-2026",Kopi Susu,7000,2,14000
334,"14-03-2026",Nutrisari Susu,7000,1,7000
335,"14-03-2026",Matcha,8000,1,8000
335,"14-03-2026",Joshua,7000,1,7000
336,"14-03-2026",Giras Susu,8000,1,8000
336,"14-03-2026",Teh Susu,7000,2,14000
337,"14-03-2026",Beng-Beng,8000,1,8000
337,"14-03-2026",Indomie,6000,1,6000
338,"14-03-2026",Susu,5000,1,5000
338,"14-03-2026",Kopi Susu,7000,1,7000
339,"14-03-2026",Kopi Hitam,6000,1,6000
340,"14-03-2026",Susu,5000,1,5000
340,"14-03-2026",Milo,8000,1,8000
341,"14-03-2026",Kopi Susu,7000,2,14000
342,"14-03-2026",Es Kopi Susu Aren,12000,1,12000
343,"14-03-2026",Joshua,7000,1,7000
343,"14-03-2026",Kopi Susu,7000,3,21000
344,"14-03-2026",Telur Goreng,3000,1,3000
344,"14-03-2026",Kopi Hitam,6000,1,6000
345,"14-03-2026",Es Kopi Susu,10000,2,20000
346,"14-03-2026",Joshua,7000,2,14000
347,"14-03-2026",Kopi Jahe,6000,1,6000
347,"14-03-2026",Kopi Hitam,6000,1,6000
348,"15-03-2026",Milo,8000,1,8000
348,"15-03-2026",Beng-Beng,8000,1,8000
349,"15-03-2026",Nutrisari,5000,1,5000
350,"15-03-2026",Giras Susu,8000,1,8000
350,"15-03-2026",Air Mineral,3000,2,6000
351,"15-03-2026",Kopi Jahe,6000,2,12000
352,"15-03-2026",Giras,7000,2,14000
352,"15-03-2026",Kopi Susu,7000,2,14000
353,"15-03-2026",Kopi Susu,7000,1,7000
354,"15-03-2026",Kopi Hitam,6000,1,6000
355,"15-03-2026",Joshua,7000,1,7000
355,"15-03-2026",Kopi Susu,7000,1,7000
356,"15-03-2026",Teh,4000,1,4000
356,"15-03-2026",Air Mineral,3000,1,3000
357,"15-03-2026",Nutrisari,5000,1,5000
357,"15-03-2026",Kopi Susu,7000,1,7000
358,"15-03-2026",Kopi Jahe,6000,1,6000
359,"15-03-2026",Indomie,6000,3,18000
359,"15-03-2026",Kopi Susu,7000,2,14000
360,"15-03-2026",Joshua,7000,1,7000
360,"15-03-2026",Kopi Hitam,6000,1,6000
361,"15-03-2026",Es Kopi Susu Aren,12000,1,12000
362,"15-03-2026",Indomie,6000,1,6000
362,"15-03-2026",Taro,8000,1,8000
363,"15-03-2026",Nutrisari Susu,7000,1,7000
364,"15-03-2026",Joshua,7000,2,14000
365,"15-03-2026",Teh,4000,1,4000
366,"15-03-2026",Teh Susu,7000,1,7000
366,"15-03-2026",Kopi Hitam,6000,1,6000
367,"15-03-2026",Joshua,7000,1,7000
368,"15-03-2026",Kopi Hitam,6000,2,12000
369,"15-03-2026",Extra Joss,5000,2,10000
369,"15-03-2026",Teh,4000,2,8000
370,"15-03-2026",Kopi Susu,7000,1,7000
370,"15-03-2026",Nutrisari Susu,7000,1,7000
371,"15-03-2026",Telur Goreng,3000,1,3000
372,"15-03-2026",Milo,8000,1,8000
373,"16-03-2026",Kopi Hitam,6000,1,6000
373,"16-03-2026",Es Kopi Susu,10000,1,10000
374,"16-03-2026",Susu,5000,3,15000
375,"16-03-2026",Telur Goreng,3000,2,6000
376,"16-03-2026",Joshua,7000,1,7000
376,"16-03-2026",Nutrisari,5000,1,5000
377,"16-03-2026",Kopi Susu,7000,1,7000
377,"16-03-2026",Kopi Hitam,6000,2,12000
378,"16-03-2026",Joshua,7000,2,14000
379,"16-03-2026",Nutrisari Susu,7000,1,7000
380,"16-03-2026",Indomie,6000,3,18000
380,"16-03-2026",Matcha,8000,2,16000
381,"16-03-2026",Giras Susu,8000,1,8000
381,"16-03-2026",Teh,4000,1,4000
382,"16-03-2026",Air Mineral,3000,1,3000
382,"16-03-2026",Teh,4000,1,4000
383,"16-03-2026",Kuku Bima,5000,1,5000
384,"16-03-2026",Beng-Beng,8000,1,8000
385,"16-03-2026",Joshua,7000,1,7000
385,"16-03-2026",Kopi Susu,7000,1,7000
386,"16-03-2026",Susu,5000,1,5000
387,"16-03-2026",Kopi Hitam,6000,1,6000
387,"16-03-2026",Kopi Susu,7000,1,7000
388,"16-03-2026",Joshua,7000,2,14000
389,"16-03-2026",Kuku Bima,5000,1,5000
389,"16-03-2026",Teh,4000,1,4000
390,"16-03-2026",Teh Susu,7000,1,7000
391,"16-03-2026",Matcha,8000,1,8000
392,"16-03-2026",Air Mineral,3000,1,3000
392,"16-03-2026",Kopi Hitam,6000,3,18000
393,"16-03-2026",Telur Goreng,3000,1,3000
393,"16-03-2026",Taro,8000,1,8000
394,"16-03-2026",Kopi Hitam,6000,1,6000
394,"16-03-2026",Teh Susu,7000,2,14000
395,"16-03-2026",Kopi Hitam,6000,1,6000
396,"16-03-2026",Joshua,7000,2,14000
396,"16-03-2026",Giras Susu,8000,2,16000
397,"16-03-2026",Kopi Hitam,6000,1,6000
398,"16-03-2026",Es Kopi Susu,10000,1,10000
399,"17-03-2026",Air Mineral,3000,1,3000
400,"17-03-2026",Joshua,7000,3,21000
400,"17-03-2026",Nutrisari Susu,7000,1,7000
401,"17-03-2026",Teh,4000,3,12000
401,"17-03-2026",Kopi Hitam,6000,2,12000
402,"17-03-2026",Nutrisari Susu,7000,2,14000
402,"17-03-2026",Es Kopi Susu Aren,12000,1,12000
403,"17-03-2026",Kopi Susu,7000,1,7000
404,"17-03-2026",Es Kopi Susu,10000,1,10000
405,"17-03-2026",Teh,4000,1,4000
406,"17-03-2026",Kopi Hitam,6000,1,6000
406,"17-03-2026",Kopi Susu,7000,2,14000
407,"17-03-2026",Joshua,7000,2,14000
407,"17-03-2026",Giras Susu,8000,1,8000
408,"17-03-2026",Teh Susu,7000,1,7000
408,"17-03-2026",Teh,4000,1,4000
409,"17-03-2026",Joshua,7000,1,7000
410,"17-03-2026",Kuku Bima,5000,1,5000
410,"17-03-2026",Milo,8000,2,16000
411,"17-03-2026",Teh,4000,1,4000
411,"17-03-2026",Kopi Hitam,6000,2,12000
412,"17-03-2026",Nutrisari Susu,7000,1,7000
413,"17-03-2026",Joshua,7000,3,21000
413,"17-03-2026",Matcha,8000,1,8000
414,"17-03-2026",Extra Joss,5000,1,5000
415,"17-03-2026",Kuku Bima,5000,1,5000
415,"17-03-2026",Taro,8000,2,16000
416,"17-03-2026",Beng-Beng,8000,1,8000
416,"17-03-2026",Kopi Hitam,6000,1,6000
417,"17-03-2026",Kopi Hitam,6000,1,6000
418,"17-03-2026",Teh,4000,1,4000
419,"17-03-2026",Kopi Susu,7000,1,7000
420,"17-03-2026",Nutrisari Susu,7000,1,7000
421,"17-03-2026",Giras,7000,1,7000
421,"17-03-2026",Es Kopi Susu Aren,12000,1,12000
422,"17-03-2026",Matcha,8000,1,8000
422,"17-03-2026",Joshua,7000,2,14000
423,"17-03-2026",Telur Goreng,3000,1,3000
423,"17-03-2026",Joshua,7000,1,7000
424,"17-03-2026",Teh,4000,3,12000
425,"18-03-2026",Kopi Hitam,6000,1,6000
425,"18-03-2026",Matcha,8000,1,8000
426,"18-03-2026",Giras Susu,8000,1,8000
426,"18-03-2026",Joshua,7000,1,7000
427,"18-03-2026",Teh Susu,7000,1,7000
427,"18-03-2026",Kopi Susu,7000,2,14000
428,"18-03-2026",Telur Goreng,3000,1,3000
428,"18-03-2026",Susu,5000,1,5000
429,"18-03-2026",Joshua,7000,2,14000
430,"18-03-2026",Teh,4000,1,4000
430,"18-03-2026",Es Kopi Susu Aren,12000,1,12000
431,"18-03-2026",Kopi Hitam,6000,1,6000
432,"18-03-2026",Kopi Hitam,6000,1,6000
432,"18-03-2026",Kopi Susu,7000,1,7000
433,"18-03-2026",Beng-Beng,8000,1,8000
433,"18-03-2026",Joshua,7000,1,7000
434,"18-03-2026",Nutrisari,5000,1,5000
435,"18-03-2026",Matcha,8000,1,8000
435,"18-03-2026",Joshua,7000,1,7000
436,"18-03-2026",Kopi Hitam,6000,2,12000
437,"18-03-2026",Es Kopi Susu,10000,1,10000
438,"18-03-2026",Joshua,7000,1,7000
439,"18-03-2026",Taro,8000,1,8000
439,"18-03-2026",Teh,4000,1,4000
440,"18-03-2026",Kopi Susu,7000,2,14000
441,"18-03-2026",Es Kopi Susu,10000,1,10000
441,"18-03-2026",Nutrisari Susu,7000,2,14000
442,"18-03-2026",Teh,4000,1,4000
443,"18-03-2026",Matcha,8000,2,16000
444,"18-03-2026",Kopi Susu,7000,2,14000
444,"18-03-2026",Bimsu,7000,3,21000
445,"18-03-2026",Kopi Jahe,6000,1,6000
445,"18-03-2026",Es Kopi Susu,10000,2,20000
446,"18-03-2026",Kopi Susu,7000,1,7000
447,"19-03-2026",Taro,8000,2,16000
448,"19-03-2026",Kopi Hitam,6000,1,6000
449,"19-03-2026",Joshua,7000,1,7000
450,"19-03-2026",Kopi Susu,7000,1,7000
451,"19-03-2026",Kopi Hitam,6000,2,12000
452,"19-03-2026",Giras Susu,8000,1,8000
452,"19-03-2026",Telur Goreng,3000,1,3000
453,"19-03-2026",Joshua,7000,1,7000
454,"19-03-2026",Es Kopi Susu Aren,12000,3,36000
454,"19-03-2026",Teh,4000,1,4000
455,"19-03-2026",Susu,5000,2,10000
456,"19-03-2026",Bimsu,7000,1,7000
456,"19-03-2026",Kopi Hitam,6000,1,6000
457,"19-03-2026",Kopi Hitam,6000,1,6000
458,"19-03-2026",Kopi Hitam,6000,2,12000
459,"19-03-2026",Nutrisari Susu,7000,1,7000
460,"19-03-2026",Teh Susu,7000,1,7000
461,"19-03-2026",Indomie,6000,1,6000
462,"19-03-2026",Nutrisari,5000,1,5000
462,"19-03-2026",Kopi Jahe,6000,1,6000
463,"19-03-2026",Giras,7000,1,7000
463,"19-03-2026",Nutrisari Susu,7000,1,7000
464,"19-03-2026",Nutrisari Susu,7000,1,7000
465,"19-03-2026",Kopi Hitam,6000,1,6000
465,"19-03-2026",Bimsu,7000,1,7000
466,"19-03-2026",Joshua,7000,2,14000
466,"19-03-2026",Kopi Hitam,6000,1,6000
467,"19-03-2026",Joshua,7000,1,7000
468,"19-03-2026",Taro,8000,1,8000
468,"19-03-2026",Kopi Hitam,6000,1,6000
469,"19-03-2026",Nutrisari,5000,1,5000
469,"19-03-2026",Nutrisari Susu,7000,1,7000
470,"19-03-2026",Kopi Susu,7000,2,14000
470,"19-03-2026",Susu,5000,1,5000
471,"19-03-2026",Matcha,8000,1,8000
471,"19-03-2026",Joshua,7000,1,7000
472,"19-03-2026",Giras,7000,1,7000
473,"19-03-2026",Kopi Susu,7000,1,7000
474,"20-03-2026",Es Kopi Susu,10000,3,30000
475,"20-03-2026",Kopi Susu,7000,1,7000
476,"20-03-2026",Teh Susu,7000,2,14000
476,"20-03-2026",Kopi Hitam,6000,1,6000
477,"20-03-2026",Teh Susu,7000,1,7000
478,"20-03-2026",Nutrisari,5000,1,5000
479,"20-03-2026",Teh Susu,7000,1,7000
480,"20-03-2026",Taro,8000,1,8000
481,"20-03-2026",Giras,7000,1,7000
482,"20-03-2026",Telur Goreng,3000,1,3000
483,"20-03-2026",Kopi Susu,7000,1,7000
484,"20-03-2026",Indomie,6000,2,12000
485,"20-03-2026",Joshua,7000,1,7000
485,"20-03-2026",Extra Joss,5000,1,5000
486,"20-03-2026",Kopi Jahe,6000,1,6000
487,"20-03-2026",Kopi Susu,7000,1,7000
488,"20-03-2026",Joshua,7000,1,7000
489,"20-03-2026",Joshua,7000,1,7000
489,"20-03-2026",Kopi Susu,7000,3,21000
490,"20-03-2026",Teh Susu,7000,3,21000
491,"20-03-2026",Kopi Susu,7000,1,7000
491,"20-03-2026",Beng-Beng,8000,1,8000
492,"20-03-2026",Nutrisari,5000,3,15000
492,"20-03-2026",Teh,4000,2,8000
493,"20-03-2026",Air Mineral,3000,1,3000
494,"20-03-2026",Milo,8000,3,24000
495,"20-03-2026",Joshua,7000,1,7000
496,"20-03-2026",Kopi Jahe,6000,1,6000
496,"20-03-2026",Susu,5000,1,5000
497,"20-03-2026",Teh Susu,7000,2,14000
497,"20-03-2026",Kopi Susu,7000,2,14000
498,"20-03-2026",Kuku Bima,5000,1,5000
499,"20-03-2026",Kopi Susu,7000,3,21000
500,"20-03-2026",Joshua,7000,1,7000
500,"20-03-2026",Es Kopi Susu Aren,12000,2,24000
501,"21-03-2026",Beng-Beng,8000,3,24000
501,"21-03-2026",Kopi Jahe,6000,2,12000
502,"21-03-2026",Indomie,6000,1,6000
503,"21-03-2026",Joshua,7000,1,7000
503,"21-03-2026",Kopi Hitam,6000,1,6000
504,"21-03-2026",Extra Joss,5000,1,5000
504,"21-03-2026",Nutrisari,5000,1,5000
505,"21-03-2026",Joshua,7000,1,7000
506,"21-03-2026",Kopi Susu,7000,1,7000
507,"21-03-2026",Giras,7000,1,7000
508,"21-03-2026",Teh,4000,1,4000
508,"21-03-2026",Kuku Bima,5000,1,5000
509,"21-03-2026",Teh,4000,1,4000
509,"21-03-2026",Kuku Bima,5000,1,5000
510,"21-03-2026",Kopi Hitam,6000,3,18000
510,"21-03-2026",Telur Goreng,3000,1,3000
511,"21-03-2026",Kopi Susu,7000,1,7000
512,"21-03-2026",Air Mineral,3000,1,3000
513,"21-03-2026",Teh,4000,1,4000
513,"21-03-2026",Es Kopi Susu Aren,12000,1,12000
514,"21-03-2026",Teh Susu,7000,3,21000
514,"21-03-2026",Kopi Hitam,6000,2,12000
515,"21-03-2026",Joshua,7000,1,7000
515,"21-03-2026",Nutrisari,5000,1,5000
516,"21-03-2026",Beng-Beng,8000,1,8000
517,"21-03-2026",Matcha,8000,1,8000
518,"21-03-2026",Bimsu,7000,1,7000
518,"21-03-2026",Giras,7000,2,14000
519,"21-03-2026",Air Mineral,3000,1,3000
520,"21-03-2026",Extra Joss,5000,1,5000
520,"21-03-2026",Joshua,7000,1,7000
521,"21-03-2026",Joshua,7000,1,7000
522,"21-03-2026",Extra Joss,5000,1,5000
522,"21-03-2026",Teh Susu,7000,1,7000
523,"21-03-2026",Joshua,7000,1,7000
524,"21-03-2026",Indomie,6000,2,12000
525,"21-03-2026",Joshua,7000,1,7000
526,"21-03-2026",Kopi Susu,7000,1,7000
526,"21-03-2026",Teh,4000,1,4000
527,"22-03-2026",Telur Goreng,3000,1,3000
527,"22-03-2026",Kopi Susu,7000,1,7000
528,"22-03-2026",Joshua,7000,1,7000
528,"22-03-2026",Teh,4000,2,8000
529,"22-03-2026",Indomie,6000,2,12000
529,"22-03-2026",Kopi Jahe,6000,1,6000
530,"22-03-2026",Kopi Susu,7000,1,7000
530,"22-03-2026",Susu,5000,1,5000
531,"22-03-2026",Teh Susu,7000,2,14000
531,"22-03-2026",Bimsu,7000,1,7000
532,"22-03-2026",Air Mineral,3000,1,3000
533,"22-03-2026",Joshua,7000,2,14000
533,"22-03-2026",Bimsu,7000,1,7000
534,"22-03-2026",Kopi Hitam,6000,1,6000
534,"22-03-2026",Milo,8000,1,8000
535,"22-03-2026",Nutrisari,5000,1,5000
536,"22-03-2026",Beng-Beng,8000,1,8000
536,"22-03-2026",Matcha,8000,2,16000
537,"22-03-2026",Kopi Hitam,6000,2,12000
537,"22-03-2026",Matcha,8000,1,8000
538,"22-03-2026",Es Kopi Susu,10000,1,10000
539,"22-03-2026",Kopi Jahe,6000,2,12000
539,"22-03-2026",Air Mineral,3000,3,9000
540,"22-03-2026",Joshua,7000,1,7000
541,"22-03-2026",Indomie,6000,1,6000
542,"22-03-2026",Telur Goreng,3000,1,3000
543,"22-03-2026",Teh Susu,7000,2,14000
544,"22-03-2026",Giras,7000,1,7000
544,"22-03-2026",Kopi Hitam,6000,1,6000
545,"22-03-2026",Joshua,7000,2,14000
545,"22-03-2026",Nutrisari Susu,7000,2,14000
546,"22-03-2026",Teh,4000,1,4000
547,"22-03-2026",Joshua,7000,1,7000
548,"22-03-2026",Joshua,7000,1,7000
549,"22-03-2026",Susu,5000,2,10000
549,"22-03-2026",Teh Susu,7000,1,7000
550,"22-03-2026",Kuku Bima,5000,1,5000
550,"22-03-2026",Kopi Hitam,6000,3,18000
551,"22-03-2026",Bimsu,7000,2,14000
552,"22-03-2026",Beng-Beng,8000,1,8000
552,"22-03-2026",Indomie,6000,2,12000
553,"22-03-2026",Kopi Susu,7000,1,7000
553,"22-03-2026",Susu,5000,2,10000
554,"23-03-2026",Extra Joss,5000,1,5000
554,"23-03-2026",Kopi Hitam,6000,1,6000
555,"23-03-2026",Nutrisari,5000,1,5000
556,"23-03-2026",Kuku Bima,5000,1,5000
556,"23-03-2026",Susu,5000,1,5000
557,"23-03-2026",Extra Joss,5000,1,5000
557,"23-03-2026",Kopi Hitam,6000,1,6000
558,"23-03-2026",Extra Joss,5000,1,5000
558,"23-03-2026",Teh,4000,1,4000
559,"23-03-2026",Giras,7000,2,14000
559,"23-03-2026",Bimsu,7000,1,7000
560,"23-03-2026",Kopi Jahe,6000,1,6000
560,"23-03-2026",Teh,4000,1,4000
561,"23-03-2026",Teh,4000,1,4000
562,"23-03-2026",Es Kopi Susu Aren,12000,2,24000
563,"23-03-2026",Teh Susu,7000,1,7000
563,"23-03-2026",Kopi Jahe,6000,1,6000
564,"23-03-2026",Indomie,6000,2,12000
564,"23-03-2026",Taro,8000,1,8000
565,"23-03-2026",Teh,4000,1,4000
566,"23-03-2026",Teh Susu,7000,1,7000
567,"23-03-2026",Taro,8000,1,8000
568,"23-03-2026",Joshua,7000,1,7000
569,"23-03-2026",Matcha,8000,1,8000
570,"23-03-2026",Teh Susu,7000,2,14000
571,"23-03-2026",Extra Joss,5000,1,5000
572,"23-03-2026",Matcha,8000,1,8000
573,"23-03-2026",Joshua,7000,1,7000
573,"23-03-2026",Teh Susu,7000,2,14000
574,"23-03-2026",Teh,4000,1,4000
574,"23-03-2026",Extra Joss,5000,1,5000
575,"23-03-2026",Teh,4000,1,4000
575,"23-03-2026",Nutrisari,5000,1,5000
576,"23-03-2026",Teh,4000,1,4000
577,"23-03-2026",Joshua,7000,1,7000
578,"23-03-2026",Joshua,7000,1,7000
578,"23-03-2026",Kopi Hitam,6000,1,6000
579,"24-03-2026",Kuku Bima,5000,1,5000
579,"24-03-2026",Susu,5000,1,5000
580,"24-03-2026",Joshua,7000,1,7000
580,"24-03-2026",Bimsu,7000,1,7000
581,"24-03-2026",Giras,7000,2,14000
581,"24-03-2026",Kopi Susu,7000,2,14000
582,"24-03-2026",Nutrisari,5000,1,5000
582,"24-03-2026",Kopi Susu,7000,1,7000
583,"24-03-2026",Milo,8000,2,16000
583,"24-03-2026",Nutrisari Susu,7000,1,7000
584,"24-03-2026",Joshua,7000,2,14000
584,"24-03-2026",Taro,8000,1,8000
585,"24-03-2026",Beng-Beng,8000,2,16000
585,"24-03-2026",Kopi Hitam,6000,1,6000
586,"24-03-2026",Telur Goreng,3000,2,6000
586,"24-03-2026",Milo,8000,1,8000
587,"24-03-2026",Teh,4000,1,4000
588,"24-03-2026",Matcha,8000,1,8000
588,"24-03-2026",Milo,8000,1,8000
589,"24-03-2026",Teh,4000,1,4000
590,"24-03-2026",Kopi Jahe,6000,1,6000
591,"24-03-2026",Kopi Hitam,6000,1,6000
592,"24-03-2026",Joshua,7000,1,7000
593,"24-03-2026",Joshua,7000,2,14000
593,"24-03-2026",Nutrisari,5000,1,5000
594,"24-03-2026",Joshua,7000,1,7000
594,"24-03-2026",Kopi Hitam,6000,2,12000
595,"24-03-2026",Es Kopi Susu Aren,12000,2,24000
595,"24-03-2026",Joshua,7000,1,7000
596,"24-03-2026",Kopi Hitam,6000,2,12000
597,"24-03-2026",Giras Susu,8000,1,8000
598,"24-03-2026",Es Kopi Susu Aren,12000,1,12000
599,"24-03-2026",Indomie,6000,2,12000
599,"24-03-2026",Nutrisari,5000,1,5000
600,"24-03-2026",Extra Joss,5000,1,5000
600,"24-03-2026",Teh Susu,7000,1,7000
601,"24-03-2026",Nutrisari,5000,1,5000
601,"24-03-2026",Teh,4000,1,4000
602,"24-03-2026",Teh,4000,1,4000
603,"24-03-2026",Es Kopi Susu Aren,12000,1,12000
603,"24-03-2026",Teh Susu,7000,1,7000
604,"25-03-2026",Teh Susu,7000,1,7000
604,"25-03-2026",Joshua,7000,3,21000
605,"25-03-2026",Extra Joss,5000,1,5000
606,"25-03-2026",Telur Goreng,3000,1,3000
607,"25-03-2026",Kopi Hitam,6000,1,6000
608,"25-03-2026",Joshua,7000,2,14000
609,"25-03-2026",Nutrisari,5000,1,5000
610,"25-03-2026",Kopi Susu,7000,3,21000
611,"25-03-2026",Kopi Susu,7000,1,7000
611,"25-03-2026",Indomie,6000,1,6000
612,"25-03-2026",Kopi Susu,7000,1,7000
613,"25-03-2026",Es Kopi Susu,10000,1,10000
613,"25-03-2026",Teh,4000,2,8000
614,"25-03-2026",Joshua,7000,1,7000
614,"25-03-2026",Nutrisari,5000,2,10000
615,"25-03-2026",Teh,4000,2,8000
615,"25-03-2026",Nutrisari Susu,7000,1,7000
616,"25-03-2026",Kuku Bima,5000,2,10000
616,"25-03-2026",Kopi Hitam,6000,3,18000
617,"25-03-2026",Joshua,7000,1,7000
618,"25-03-2026",Indomie,6000,1,6000
619,"25-03-2026",Kopi Susu,7000,2,14000
619,"25-03-2026",Teh,4000,1,4000
620,"25-03-2026",Teh,4000,1,4000
621,"25-03-2026",Teh,4000,2,8000
621,"25-03-2026",Telur Goreng,3000,1,3000
622,"25-03-2026",Bimsu,7000,1,7000
622,"25-03-2026",Air Mineral,3000,1,3000
623,"25-03-2026",Kopi Susu,7000,3,21000
623,"25-03-2026",Extra Joss,5000,1,5000
624,"25-03-2026",Air Mineral,3000,1,3000
624,"25-03-2026",Indomie,6000,1,6000
625,"25-03-2026",Kopi Hitam,6000,1,6000
625,"25-03-2026",Teh Susu,7000,1,7000
626,"25-03-2026",Es Kopi Susu Aren,12000,1,12000
627,"25-03-2026",Taro,8000,1,8000
628,"25-03-2026",Indomie,6000,3,18000
628,"25-03-2026",Teh Susu,7000,1,7000
629,"25-03-2026",Joshua,7000,1,7000
629,"25-03-2026",Kopi Hitam,6000,1,6000
630,"26-03-2026",Milo,8000,1,8000
630,"26-03-2026",Teh,4000,1,4000
631,"26-03-2026",Indomie,6000,2,12000
632,"26-03-2026",Indomie,6000,1,6000
633,"26-03-2026",Milo,8000,2,16000
634,"26-03-2026",Giras,7000,1,7000
634,"26-03-2026",Kopi Susu,7000,1,7000
635,"26-03-2026",Teh,4000,1,4000
635,"26-03-2026",Giras Susu,8000,1,8000
636,"26-03-2026",Air Mineral,3000,1,3000
636,"26-03-2026",Teh Susu,7000,2,14000
637,"26-03-2026",Kopi Susu,7000,1,7000
638,"26-03-2026",Nutrisari Susu,7000,1,7000
638,"26-03-2026",Taro,8000,1,8000
639,"26-03-2026",Kopi Susu,7000,1,7000
639,"26-03-2026",Kopi Hitam,6000,1,6000
640,"26-03-2026",Teh,4000,1,4000
640,"26-03-2026",Joshua,7000,1,7000
641,"26-03-2026",Joshua,7000,1,7000
642,"26-03-2026",Joshua,7000,1,7000
643,"26-03-2026",Kopi Hitam,6000,1,6000
643,"26-03-2026",Air Mineral,3000,1,3000
644,"26-03-2026",Teh Susu,7000,1,7000
644,"26-03-2026",Taro,8000,1,8000
645,"26-03-2026",Joshua,7000,2,14000
646,"26-03-2026",Joshua,7000,1,7000
646,"26-03-2026",Kopi Susu,7000,3,21000
647,"26-03-2026",Indomie,6000,2,12000
647,"26-03-2026",Taro,8000,1,8000
648,"26-03-2026",Kopi Hitam,6000,1,6000
649,"26-03-2026",Es Kopi Susu,10000,1,10000
649,"26-03-2026",Matcha,8000,1,8000
650,"26-03-2026",Kopi Susu,7000,3,21000
650,"26-03-2026",Indomie,6000,1,6000
651,"26-03-2026",Taro,8000,2,16000
652,"26-03-2026",Taro,8000,2,16000
653,"26-03-2026",Kopi Hitam,6000,1,6000
654,"26-03-2026",Extra Joss,5000,1,5000
654,"26-03-2026",Giras Susu,8000,1,8000
655,"26-03-2026",Kopi Hitam,6000,1,6000
655,"26-03-2026",Air Mineral,3000,2,6000
656,"26-03-2026",Teh Susu,7000,1,7000
657,"26-03-2026",Joshua,7000,1,7000
658,"27-03-2026",Kuku Bima,5000,1,5000
658,"27-03-2026",Telur Goreng,3000,1,3000
659,"27-03-2026",Joshua,7000,1,7000
659,"27-03-2026",Nutrisari,5000,1,5000
660,"27-03-2026",Matcha,8000,2,16000
661,"27-03-2026",Susu,5000,1,5000
661,"27-03-2026",Kopi Susu,7000,1,7000
662,"27-03-2026",Milo,8000,1,8000
663,"27-03-2026",Teh,4000,1,4000
664,"27-03-2026",Extra Joss,5000,2,10000
664,"27-03-2026",Air Mineral,3000,2,6000
665,"27-03-2026",Beng-Beng,8000,1,8000
665,"27-03-2026",Kopi Hitam,6000,1,6000
666,"27-03-2026",Matcha,8000,1,8000
666,"27-03-2026",Es Kopi Susu Aren,12000,1,12000
667,"27-03-2026",Telur Goreng,3000,1,3000
668,"27-03-2026",Joshua,7000,1,7000
669,"27-03-2026",Giras,7000,3,21000
669,"27-03-2026",Kopi Susu,7000,2,14000
670,"27-03-2026",Teh,4000,1,4000
670,"27-03-2026",Susu,5000,1,5000
671,"27-03-2026",Beng-Beng,8000,1,8000
671,"27-03-2026",Indomie,6000,1,6000
672,"27-03-2026",Kopi Susu,7000,1,7000
673,"27-03-2026",Kopi Hitam,6000,1,6000
673,"27-03-2026",Joshua,7000,2,14000
674,"27-03-2026",Kopi Susu,7000,3,21000
674,"27-03-2026",Indomie,6000,2,12000
675,"27-03-2026",Kopi Susu,7000,2,14000
675,"27-03-2026",Teh Susu,7000,1,7000
676,"27-03-2026",Matcha,8000,2,16000
677,"27-03-2026",Es Kopi Susu,10000,1,10000
678,"27-03-2026",Es Kopi Susu Aren,12000,1,12000
679,"27-03-2026",Matcha,8000,1,8000
680,"27-03-2026",Kopi Hitam,6000,1,6000
680,"27-03-2026",Extra Joss,5000,1,5000
681,"27-03-2026",Kuku Bima,5000,2,10000
682,"27-03-2026",Joshua,7000,3,21000
682,"27-03-2026",Indomie,6000,2,12000
683,"28-03-2026",Joshua,7000,3,21000
683,"28-03-2026",Indomie,6000,3,18000
684,"28-03-2026",Bimsu,7000,1,7000
684,"28-03-2026",Telur Goreng,3000,1,3000
685,"28-03-2026",Joshua,7000,1,7000
685,"28-03-2026",Kopi Hitam,6000,2,12000
686,"28-03-2026",Taro,8000,3,24000
686,"28-03-2026",Kopi Hitam,6000,2,12000
687,"28-03-2026",Telur Goreng,3000,1,3000
687,"28-03-2026",Giras Susu,8000,1,8000
688,"28-03-2026",Indomie,6000,1,6000
689,"28-03-2026",Giras,7000,1,7000
689,"28-03-2026",Teh,4000,2,8000
690,"28-03-2026",Susu,5000,1,5000
691,"28-03-2026",Joshua,7000,1,7000
692,"28-03-2026",Joshua,7000,2,14000
692,"28-03-2026",Kuku Bima,5000,3,15000
693,"28-03-2026",Joshua,7000,1,7000
694,"28-03-2026",Teh Susu,7000,1,7000
694,"28-03-2026",Kopi Jahe,6000,3,18000
695,"28-03-2026",Joshua,7000,3,21000
695,"28-03-2026",Es Kopi Susu,10000,1,10000
696,"28-03-2026",Indomie,6000,1,6000
697,"28-03-2026",Telur Goreng,3000,1,3000
697,"28-03-2026",Kopi Susu,7000,1,7000
698,"28-03-2026",Bimsu,7000,1,7000
698,"28-03-2026",Joshua,7000,1,7000
699,"28-03-2026",Kopi Susu,7000,2,14000
699,"28-03-2026",Joshua,7000,1,7000
700,"28-03-2026",Kopi Jahe,6000,1,6000
700,"28-03-2026",Kopi Hitam,6000,2,12000
701,"28-03-2026",Indomie,6000,1,6000
701,"28-03-2026",Giras,7000,1,7000
702,"28-03-2026",Taro,8000,1,8000
703,"28-03-2026",Matcha,8000,1,8000
703,"28-03-2026",Bimsu,7000,1,7000
704,"28-03-2026",Joshua,7000,1,7000
704,"28-03-2026",Teh,4000,1,4000
705,"28-03-2026",Joshua,7000,1,7000
705,"28-03-2026",Teh,4000,1,4000
706,"29-03-2026",Kopi Susu,7000,1,7000
707,"29-03-2026",Kopi Susu,7000,1,7000
708,"29-03-2026",Teh,4000,1,4000
708,"29-03-2026",Matcha,8000,1,8000
709,"29-03-2026",Giras,7000,1,7000
710,"29-03-2026",Susu,5000,1,5000
711,"29-03-2026",Taro,8000,1,8000
711,"29-03-2026",Kopi Susu,7000,1,7000
712,"29-03-2026",Teh Susu,7000,1,7000
712,"29-03-2026",Indomie,6000,1,6000
713,"29-03-2026",Joshua,7000,2,14000
714,"29-03-2026",Matcha,8000,1,8000
715,"29-03-2026",Susu,5000,1,5000
715,"29-03-2026",Joshua,7000,1,7000
716,"29-03-2026",Beng-Beng,8000,1,8000
717,"29-03-2026",Kopi Susu,7000,1,7000
718,"29-03-2026",Joshua,7000,2,14000
718,"29-03-2026",Susu,5000,2,10000
719,"29-03-2026",Teh,4000,2,8000
719,"29-03-2026",Kuku Bima,5000,2,10000
720,"29-03-2026",Teh Susu,7000,1,7000
721,"29-03-2026",Kopi Susu,7000,1,7000
721,"29-03-2026",Bimsu,7000,1,7000
722,"29-03-2026",Teh Susu,7000,1,7000
722,"29-03-2026",Kopi Jahe,6000,1,6000
723,"29-03-2026",Joshua,7000,1,7000
723,"29-03-2026",Extra Joss,5000,2,10000
724,"29-03-2026",Joshua,7000,1,7000
725,"29-03-2026",Es Kopi Susu Aren,12000,1,12000
725,"29-03-2026",Es Kopi Susu,10000,2,20000
726,"29-03-2026",Nutrisari,5000,1,5000
727,"29-03-2026",Milo,8000,1,8000
728,"29-03-2026",Kopi Susu,7000,1,7000
728,"29-03-2026",Beng-Beng,8000,2,16000
729,"29-03-2026",Kopi Susu,7000,2,14000
729,"29-03-2026",Teh,4000,1,4000
730,"29-03-2026",Joshua,7000,1,7000
730,"29-03-2026",Taro,8000,2,16000
731,"29-03-2026",Taro,8000,1,8000
732,"29-03-2026",Joshua,7000,1,7000
733,"30-03-2026",Air Mineral,3000,1,3000
733,"30-03-2026",Bimsu,7000,1,7000
734,"30-03-2026",Es Kopi Susu,10000,1,10000
735,"30-03-2026",Giras Susu,8000,2,16000
735,"30-03-2026",Nutrisari,5000,1,5000
736,"30-03-2026",Es Kopi Susu,10000,1,10000
736,"30-03-2026",Kopi Susu,7000,2,14000
737,"30-03-2026",Joshua,7000,1,7000
737,"30-03-2026",Teh Susu,7000,2,14000
738,"30-03-2026",Joshua,7000,1,7000
739,"30-03-2026",Telur Goreng,3000,1,3000
740,"30-03-2026",Indomie,6000,1,6000
740,"30-03-2026",Teh,4000,2,8000
741,"30-03-2026",Giras Susu,8000,1,8000
742,"30-03-2026",Bimsu,7000,1,7000
743,"30-03-2026",Kopi Hitam,6000,1,6000
744,"30-03-2026",Joshua,7000,1,7000
744,"30-03-2026",Giras Susu,8000,1,8000
745,"30-03-2026",Giras,7000,1,7000
745,"30-03-2026",Teh,4000,1,4000
746,"30-03-2026",Giras Susu,8000,2,16000
747,"30-03-2026",Nutrisari,5000,1,5000
748,"30-03-2026",Extra Joss,5000,1,5000
749,"30-03-2026",Nutrisari Susu,7000,1,7000
749,"30-03-2026",Teh,4000,1,4000
750,"30-03-2026",Kopi Susu,7000,1,7000
750,"30-03-2026",Matcha,8000,2,16000
751,"30-03-2026",Indomie,6000,1,6000
751,"30-03-2026",Kopi Jahe,6000,1,6000
752,"30-03-2026",Nutrisari,5000,3,15000
753,"30-03-2026",Bimsu,7000,1,7000
753,"30-03-2026",Taro,8000,1,8000
754,"30-03-2026",Bimsu,7000,1,7000
754,"30-03-2026",Matcha,8000,1,8000
755,"30-03-2026",Beng-Beng,8000,1,8000
756,"31-03-2026",Joshua,7000,1,7000
756,"31-03-2026",Milo,8000,1,8000
757,"31-03-2026",Indomie,6000,2,12000
758,"31-03-2026",Joshua,7000,1,7000
759,"31-03-2026",Kopi Susu,7000,1,7000
759,"31-03-2026",Nutrisari,5000,1,5000
760,"31-03-2026",Kuku Bima,5000,1,5000
761,"31-03-2026",Indomie,6000,1,6000
761,"31-03-2026",Kopi Susu,7000,1,7000
762,"31-03-2026",Kuku Bima,5000,2,10000
762,"31-03-2026",Indomie,6000,2,12000
763,"31-03-2026",Bimsu,7000,3,21000
763,"31-03-2026",Joshua,7000,1,7000
764,"31-03-2026",Kopi Susu,7000,3,21000
764,"31-03-2026",Joshua,7000,1,7000
765,"31-03-2026",Kopi Hitam,6000,1,6000
766,"31-03-2026",Kopi Susu,7000,1,7000
767,"31-03-2026",Es Kopi Susu,10000,2,20000
767,"31-03-2026",Matcha,8000,2,16000
768,"31-03-2026",Joshua,7000,1,7000
768,"31-03-2026",Teh,4000,1,4000
769,"31-03-2026",Susu,5000,1,5000
770,"31-03-2026",Kopi Hitam,6000,1,6000
771,"31-03-2026",Teh,4000,1,4000
771,"31-03-2026",Kopi Jahe,6000,1,6000
772,"31-03-2026",Joshua,7000,2,14000
773,"31-03-2026",Kopi Hitam,6000,1,6000
773,"31-03-2026",Nutrisari,5000,3,15000
774,"31-03-2026",Indomie,6000,2,12000
774,"31-03-2026",Teh,4000,1,4000
775,"31-03-2026",Nutrisari Susu,7000,1,7000
776,"31-03-2026",Joshua,7000,1,7000
777,"31-03-2026",Joshua,7000,2,14000
777,"31-03-2026",Teh Susu,7000,1,7000
778,"31-03-2026",Kopi Hitam,6000,1,6000
779,"01-04-2026",Joshua,7000,1,7000
779,"01-04-2026",Teh,4000,1,4000
780,"01-04-2026",Susu,5000,2,10000
781,"01-04-2026",Indomie,6000,1,6000
782,"01-04-2026",Teh,4000,1,4000
782,"01-04-2026",Indomie,6000,1,6000
783,"01-04-2026",Nutrisari,5000,1,5000
783,"01-04-2026",Joshua,7000,1,7000
784,"01-04-2026",Joshua,7000,1,7000
784,"01-04-2026",Milo,8000,1,8000
785,"01-04-2026",Bimsu,7000,1,7000
785,"01-04-2026",Teh,4000,1,4000
786,"01-04-2026",Teh Susu,7000,1,7000
786,"01-04-2026",Joshua,7000,1,7000
787,"01-04-2026",Kopi Jahe,6000,1,6000
788,"01-04-2026",Teh,4000,1,4000
789,"01-04-2026",Joshua,7000,1,7000
789,"01-04-2026",Teh,4000,1,4000
790,"01-04-2026",Susu,5000,1,5000
791,"01-04-2026",Teh,4000,1,4000
792,"01-04-2026",Kopi Hitam,6000,1,6000
792,"01-04-2026",Bimsu,7000,1,7000
793,"01-04-2026",Kopi Hitam,6000,2,12000
793,"01-04-2026",Bimsu,7000,1,7000
794,"01-04-2026",Teh Susu,7000,1,7000
794,"01-04-2026",Kuku Bima,5000,1,5000
795,"01-04-2026",Joshua,7000,1,7000
796,"01-04-2026",Giras,7000,2,14000
796,"01-04-2026",Joshua,7000,1,7000
797,"01-04-2026",Kopi Hitam,6000,1,6000
797,"01-04-2026",Telur Goreng,3000,1,3000
798,"01-04-2026",Kopi Susu,7000,1,7000
799,"01-04-2026",Nutrisari Susu,7000,1,7000
800,"01-04-2026",Joshua,7000,1,7000
800,"01-04-2026",Teh Susu,7000,1,7000
801,"01-04-2026",Teh,4000,1,4000
801,"01-04-2026",Indomie,6000,1,6000
802,"01-04-2026",Teh,4000,1,4000
802,"01-04-2026",Kopi Hitam,6000,1,6000
803,"01-04-2026",Giras,7000,1,7000
804,"02-04-2026",Joshua,7000,1,7000
805,"02-04-2026",Joshua,7000,1,7000
806,"02-04-2026",Kopi Hitam,6000,1,6000
807,"02-04-2026",Matcha,8000,1,8000
808,"02-04-2026",Indomie,6000,2,12000
808,"02-04-2026",Teh Susu,7000,2,14000
809,"02-04-2026",Giras,7000,1,7000
809,"02-04-2026",Kopi Susu,7000,1,7000
810,"02-04-2026",Matcha,8000,1,8000
810,"02-04-2026",Beng-Beng,8000,1,8000
811,"02-04-2026",Teh Susu,7000,3,21000
811,"02-04-2026",Kopi Susu,7000,1,7000
812,"02-04-2026",Es Kopi Susu Aren,12000,1,12000
813,"02-04-2026",Kopi Susu,7000,1,7000
813,"02-04-2026",Joshua,7000,2,14000
814,"02-04-2026",Taro,8000,1,8000
814,"02-04-2026",Kopi Susu,7000,1,7000
815,"02-04-2026",Indomie,6000,1,6000
815,"02-04-2026",Kopi Hitam,6000,1,6000
816,"02-04-2026",Telur Goreng,3000,1,3000
816,"02-04-2026",Teh,4000,1,4000
817,"02-04-2026",Milo,8000,1,8000
818,"02-04-2026",Matcha,8000,1,8000
819,"02-04-2026",Nutrisari Susu,7000,1,7000
820,"02-04-2026",Milo,8000,1,8000
821,"02-04-2026",Nutrisari,5000,1,5000
822,"02-04-2026",Joshua,7000,1,7000
822,"02-04-2026",Milo,8000,1,8000
823,"02-04-2026",Bimsu,7000,1,7000
824,"02-04-2026",Kopi Hitam,6000,2,12000
825,"02-04-2026",Teh,4000,1,4000
826,"02-04-2026",Joshua,7000,1,7000
827,"02-04-2026",Teh Susu,7000,1,7000
828,"02-04-2026",Kopi Susu,7000,1,7000
829,"02-04-2026",Bimsu,7000,1,7000
830,"03-04-2026",Kopi Jahe,6000,3,18000
831,"03-04-2026",Joshua,7000,1,7000
831,"03-04-2026",Giras Susu,8000,1,8000
832,"03-04-2026",Bimsu,7000,1,7000
832,"03-04-2026",Joshua,7000,1,7000
833,"03-04-2026",Kopi Susu,7000,1,7000
833,"03-04-2026",Joshua,7000,2,14000
834,"03-04-2026",Beng-Beng,8000,2,16000
834,"03-04-2026",Nutrisari Susu,7000,2,14000
835,"03-04-2026",Kopi Hitam,6000,1,6000
835,"03-04-2026",Telur Goreng,3000,1,3000
836,"03-04-2026",Teh Susu,7000,1,7000
836,"03-04-2026",Nutrisari,5000,1,5000
837,"03-04-2026",Teh,4000,1,4000
837,"03-04-2026",Kopi Susu,7000,2,14000
838,"03-04-2026",Kopi Susu,7000,1,7000
839,"03-04-2026",Matcha,8000,1,8000
839,"03-04-2026",Es Kopi Susu,10000,2,20000
840,"03-04-2026",Joshua,7000,2,14000
840,"03-04-2026",Susu,5000,1,5000
841,"03-04-2026",Bimsu,7000,2,14000
842,"03-04-2026",Joshua,7000,1,7000
843,"03-04-2026",Joshua,7000,1,7000
844,"03-04-2026",Es Kopi Susu Aren,12000,2,24000
844,"03-04-2026",Taro,8000,1,8000
845,"03-04-2026",Milo,8000,2,16000
846,"03-04-2026",Teh,4000,2,8000
846,"03-04-2026",Air Mineral,3000,2,6000
847,"03-04-2026",Teh,4000,1,4000
848,"03-04-2026",Milo,8000,1,8000
848,"03-04-2026",Kuku Bima,5000,2,10000
849,"03-04-2026",Beng-Beng,8000,1,8000
850,"03-04-2026",Joshua,7000,1,7000
850,"03-04-2026",Teh,4000,1,4000
851,"03-04-2026",Teh,4000,1,4000
851,"03-04-2026",Telur Goreng,3000,1,3000
852,"03-04-2026",Matcha,8000,2,16000
852,"03-04-2026",Extra Joss,5000,1,5000
853,"03-04-2026",Kopi Jahe,6000,1,6000
854,"03-04-2026",Teh,4000,1,4000
855,"03-04-2026",Kopi Susu,7000,1,7000
856,"03-04-2026",Indomie,6000,1,6000
857,"04-04-2026",Susu,5000,1,5000
858,"04-04-2026",Kopi Susu,7000,1,7000
858,"04-04-2026",Kopi Jahe,6000,1,6000
859,"04-04-2026",Es Kopi Susu,10000,2,20000
859,"04-04-2026",Kopi Susu,7000,2,14000
860,"04-04-2026",Giras Susu,8000,1,8000
861,"04-04-2026",Es Kopi Susu Aren,12000,1,12000
862,"04-04-2026",Matcha,8000,1,8000
862,"04-04-2026",Joshua,7000,1,7000
863,"04-04-2026",Teh,4000,3,12000
863,"04-04-2026",Telur Goreng,3000,1,3000
864,"04-04-2026",Joshua,7000,1,7000
864,"04-04-2026",Kopi Hitam,6000,3,18000
865,"04-04-2026",Joshua,7000,1,7000
865,"04-04-2026",Indomie,6000,2,12000
866,"04-04-2026",Milo,8000,1,8000
866,"04-04-2026",Joshua,7000,1,7000
867,"04-04-2026",Joshua,7000,1,7000
868,"04-04-2026",Telur Goreng,3000,1,3000
869,"04-04-2026",Teh Susu,7000,1,7000
869,"04-04-2026",Nutrisari,5000,1,5000
870,"04-04-2026",Teh Susu,7000,3,21000
870,"04-04-2026",Joshua,7000,1,7000
871,"04-04-2026",Kuku Bima,5000,1,5000
872,"04-04-2026",Teh Susu,7000,1,7000
872,"04-04-2026",Kopi Hitam,6000,2,12000
873,"04-04-2026",Es Kopi Susu,10000,1,10000
874,"04-04-2026",Kopi Susu,7000,2,14000
875,"04-04-2026",Kopi Susu,7000,3,21000
875,"04-04-2026",Es Kopi Susu Aren,12000,2,24000
876,"04-04-2026",Kopi Susu,7000,2,14000
876,"04-04-2026",Extra Joss,5000,1,5000
877,"04-04-2026",Telur Goreng,3000,1,3000
878,"04-04-2026",Joshua,7000,1,7000
879,"05-04-2026",Kopi Susu,7000,1,7000
880,"05-04-2026",Milo,8000,2,16000
881,"05-04-2026",Joshua,7000,1,7000
882,"05-04-2026",Kopi Hitam,6000,1,6000
882,"05-04-2026",Taro,8000,1,8000
883,"05-04-2026",Kopi Susu,7000,1,7000
883,"05-04-2026",Nutrisari Susu,7000,1,7000
884,"05-04-2026",Joshua,7000,1,7000
885,"05-04-2026",Milo,8000,1,8000
885,"05-04-2026",Indomie,6000,1,6000
886,"05-04-2026",Joshua,7000,2,14000
886,"05-04-2026",Teh Susu,7000,1,7000
887,"05-04-2026",Air Mineral,3000,2,6000
888,"05-04-2026",Kopi Susu,7000,1,7000
889,"05-04-2026",Es Kopi Susu Aren,12000,2,24000
890,"05-04-2026",Kopi Susu,7000,1,7000
891,"05-04-2026",Kopi Susu,7000,1,7000
892,"05-04-2026",Indomie,6000,3,18000
892,"05-04-2026",Giras Susu,8000,1,8000
893,"05-04-2026",Indomie,6000,1,6000
894,"05-04-2026",Teh Susu,7000,1,7000
895,"05-04-2026",Teh,4000,1,4000
895,"05-04-2026",Extra Joss,5000,2,10000
896,"05-04-2026",Joshua,7000,2,14000
897,"05-04-2026",Extra Joss,5000,1,5000
898,"05-04-2026",Giras Susu,8000,1,8000
898,"05-04-2026",Kopi Susu,7000,1,7000
899,"05-04-2026",Extra Joss,5000,1,5000
899,"05-04-2026",Es Kopi Susu,10000,1,10000
900,"05-04-2026",Teh Susu,7000,2,14000
900,"05-04-2026",Indomie,6000,1,6000
901,"05-04-2026",Es Kopi Susu Aren,12000,2,24000
901,"05-04-2026",Taro,8000,1,8000
902,"06-04-2026",Kopi Hitam,6000,2,12000
903,"06-04-2026",Teh Susu,7000,1,7000
904,"06-04-2026",Kopi Susu,7000,1,7000
905,"06-04-2026",Kopi Susu,7000,1,7000
905,"06-04-2026",Kopi Hitam,6000,1,6000
906,"06-04-2026",Teh,4000,1,4000
906,"06-04-2026",Kopi Hitam,6000,1,6000
907,"06-04-2026",Joshua,7000,2,14000
908,"06-04-2026",Es Kopi Susu Aren,12000,2,24000
909,"06-04-2026",Kopi Susu,7000,1,7000
910,"06-04-2026",Bimsu,7000,3,21000
910,"06-04-2026",Teh Susu,7000,1,7000
911,"06-04-2026",Teh,4000,1,4000
911,"06-04-2026",Susu,5000,2,10000
912,"06-04-2026",Taro,8000,1,8000
913,"06-04-2026",Indomie,6000,1,6000
913,"06-04-2026",Kopi Hitam,6000,2,12000
914,"06-04-2026",Telur Goreng,3000,1,3000
915,"06-04-2026",Teh Susu,7000,2,14000
915,"06-04-2026",Giras Susu,8000,1,8000
916,"06-04-2026",Indomie,6000,1,6000
916,"06-04-2026",Teh,4000,1,4000
917,"06-04-2026",Kopi Hitam,6000,1,6000
917,"06-04-2026",Teh,4000,1,4000
918,"06-04-2026",Teh Susu,7000,1,7000
919,"06-04-2026",Joshua,7000,2,14000
920,"06-04-2026",Joshua,7000,2,14000
920,"06-04-2026",Susu,5000,1,5000
921,"06-04-2026",Indomie,6000,1,6000
922,"06-04-2026",Teh,4000,1,4000
922,"06-04-2026",Kopi Susu,7000,1,7000
923,"06-04-2026",Joshua,7000,3,21000
923,"06-04-2026",Kopi Susu,7000,1,7000
924,"06-04-2026",Es Kopi Susu Aren,12000,1,12000
924,"06-04-2026",Giras Susu,8000,1,8000
925,"06-04-2026",Giras Susu,8000,1,8000
926,"06-04-2026",Teh,4000,1,4000
927,"06-04-2026",Nutrisari,5000,1,5000
928,"07-04-2026",Joshua,7000,1,7000
928,"07-04-2026",Kopi Hitam,6000,2,12000
929,"07-04-2026",Kopi Susu,7000,1,7000
929,"07-04-2026",Beng-Beng,8000,1,8000
930,"07-04-2026",Nutrisari,5000,1,5000
931,"07-04-2026",Giras,7000,1,7000
931,"07-04-2026",Teh Susu,7000,1,7000
932,"07-04-2026",Telur Goreng,3000,1,3000
933,"07-04-2026",Teh,4000,1,4000
934,"07-04-2026",Joshua,7000,1,7000
935,"07-04-2026",Giras Susu,8000,3,24000
936,"07-04-2026",Beng-Beng,8000,1,8000
937,"07-04-2026",Teh Susu,7000,1,7000
938,"07-04-2026",Teh Susu,7000,2,14000
938,"07-04-2026",Taro,8000,1,8000
939,"07-04-2026",Indomie,6000,2,12000
940,"07-04-2026",Susu,5000,1,5000
940,"07-04-2026",Milo,8000,3,24000
941,"07-04-2026",Joshua,7000,1,7000
942,"07-04-2026",Beng-Beng,8000,1,8000
943,"07-04-2026",Teh,4000,1,4000
944,"07-04-2026",Es Kopi Susu,10000,1,10000
945,"07-04-2026",Nutrisari,5000,2,10000
946,"07-04-2026",Es Kopi Susu,10000,1,10000
946,"07-04-2026",Taro,8000,1,8000
947,"07-04-2026",Teh,4000,1,4000
948,"07-04-2026",Matcha,8000,1,8000
949,"07-04-2026",Kopi Hitam,6000,1,6000
949,"07-04-2026",Indomie,6000,1,6000
950,"07-04-2026",Beng-Beng,8000,1,8000
951,"07-04-2026",Teh,4000,1,4000
952,"07-04-2026",Teh,4000,1,4000
953,"08-04-2026",Indomie,6000,1,6000
953,"08-04-2026",Joshua,7000,1,7000
954,"08-04-2026",Teh,4000,1,4000
954,"08-04-2026",Teh Susu,7000,1,7000
955,"08-04-2026",Kopi Susu,7000,1,7000
956,"08-04-2026",Teh Susu,7000,1,7000
956,"08-04-2026",Beng-Beng,8000,1,8000
957,"08-04-2026",Es Kopi Susu,10000,1,10000
958,"08-04-2026",Giras Susu,8000,1,8000
959,"08-04-2026",Kopi Susu,7000,1,7000
960,"08-04-2026",Kopi Hitam,6000,1,6000
960,"08-04-2026",Teh,4000,2,8000
961,"08-04-2026",Milo,8000,1,8000
962,"08-04-2026",Matcha,8000,1,8000
962,"08-04-2026",Taro,8000,1,8000
963,"08-04-2026",Kopi Susu,7000,1,7000
964,"08-04-2026",Kopi Jahe,6000,2,12000
964,"08-04-2026",Matcha,8000,1,8000
965,"08-04-2026",Kopi Susu,7000,1,7000
966,"08-04-2026",Taro,8000,3,24000
966,"08-04-2026",Beng-Beng,8000,1,8000
967,"08-04-2026",Kopi Susu,7000,1,7000
967,"08-04-2026",Teh Susu,7000,1,7000
968,"08-04-2026",Es Kopi Susu Aren,12000,1,12000
968,"08-04-2026",Kopi Hitam,6000,2,12000
969,"08-04-2026",Kopi Hitam,6000,1,6000
970,"08-04-2026",Matcha,8000,1,8000
971,"08-04-2026",Teh,4000,1,4000
971,"08-04-2026",Extra Joss,5000,2,10000
972,"08-04-2026",Nutrisari,5000,1,5000
973,"08-04-2026",Air Mineral,3000,1,3000
973,"08-04-2026",Teh Susu,7000,1,7000
974,"08-04-2026",Giras,7000,1,7000
975,"09-04-2026",Es Kopi Susu,10000,2,20000
975,"09-04-2026",Teh,4000,1,4000
976,"09-04-2026",Kopi Hitam,6000,2,12000
976,"09-04-2026",Kopi Jahe,6000,2,12000
977,"09-04-2026",Teh Susu,7000,1,7000
977,"09-04-2026",Nutrisari,5000,1,5000
978,"09-04-2026",Kopi Susu,7000,1,7000
979,"09-04-2026",Giras Susu,8000,1,8000
979,"09-04-2026",Joshua,7000,3,21000
980,"09-04-2026",Telur Goreng,3000,1,3000
981,"09-04-2026",Teh,4000,1,4000
981,"09-04-2026",Joshua,7000,1,7000
982,"09-04-2026",Joshua,7000,2,14000
982,"09-04-2026",Kopi Hitam,6000,1,6000
983,"09-04-2026",Joshua,7000,1,7000
983,"09-04-2026",Taro,8000,1,8000
984,"09-04-2026",Teh,4000,1,4000
984,"09-04-2026",Bimsu,7000,1,7000
985,"09-04-2026",Teh,4000,1,4000
986,"09-04-2026",Indomie,6000,1,6000
987,"09-04-2026",Joshua,7000,1,7000
987,"09-04-2026",Kopi Hitam,6000,1,6000
988,"09-04-2026",Telur Goreng,3000,1,3000
988,"09-04-2026",Milo,8000,1,8000
989,"09-04-2026",Nutrisari Susu,7000,1,7000
989,"09-04-2026",Kuku Bima,5000,2,10000
990,"09-04-2026",Beng-Beng,8000,1,8000
990,"09-04-2026",Es Kopi Susu Aren,12000,1,12000
991,"09-04-2026",Telur Goreng,3000,1,3000
992,"09-04-2026",Kopi Susu,7000,1,7000
993,"09-04-2026",Kopi Susu,7000,1,7000
993,"09-04-2026",Kopi Jahe,6000,1,6000
994,"09-04-2026",Kopi Jahe,6000,3,18000
995,"09-04-2026",Indomie,6000,1,6000
996,"09-04-2026",Kopi Hitam,6000,1,6000
997,"09-04-2026",Extra Joss,5000,1,5000
998,"09-04-2026",Es Kopi Susu Aren,12000,1,12000
999,"09-04-2026",Taro,8000,1,8000
999,"09-04-2026",Kopi Susu,7000,1,7000
1000,"09-04-2026",Beng-Beng,8000,1,8000
1000,"09-04-2026",Giras,7000,1,7000
1001,"09-04-2026",Nutrisari Susu,7000,1,7000
1001,"09-04-2026",Teh Susu,7000,1,7000
1002,"10-04-2026",Nutrisari,5000,1,5000
1002,"10-04-2026",Joshua,7000,1,7000
1003,"10-04-2026",Indomie,6000,1,6000
1003,"10-04-2026",Kuku Bima,5000,1,5000
1004,"10-04-2026",Nutrisari Susu,7000,3,21000
1005,"10-04-2026",Kopi Hitam,6000,1,6000
1006,"10-04-2026",Kopi Hitam,6000,2,12000
1007,"10-04-2026",Susu,5000,2,10000
1007,"10-04-2026",Bimsu,7000,1,7000
1008,"10-04-2026",Teh Susu,7000,1,7000
1009,"10-04-2026",Beng-Beng,8000,1,8000
1009,"10-04-2026",Teh,4000,1,4000
1010,"10-04-2026",Es Kopi Susu,10000,1,10000
1011,"10-04-2026",Kopi Susu,7000,1,7000
1012,"10-04-2026",Beng-Beng,8000,1,8000
1013,"10-04-2026",Teh,4000,1,4000
1014,"10-04-2026",Extra Joss,5000,1,5000
1014,"10-04-2026",Teh,4000,1,4000
1015,"10-04-2026",Es Kopi Susu Aren,12000,2,24000
1015,"10-04-2026",Joshua,7000,3,21000
1016,"10-04-2026",Teh,4000,1,4000
1017,"10-04-2026",Kopi Susu,7000,1,7000
1018,"10-04-2026",Joshua,7000,1,7000
1018,"10-04-2026",Teh,4000,1,4000
1019,"10-04-2026",Teh,4000,1,4000
1020,"10-04-2026",Susu,5000,1,5000
1021,"10-04-2026",Nutrisari Susu,7000,3,21000
1021,"10-04-2026",Kopi Susu,7000,2,14000
1022,"10-04-2026",Kopi Susu,7000,1,7000
1022,"10-04-2026",Kuku Bima,5000,1,5000
1023,"10-04-2026",Kopi Susu,7000,2,14000
1024,"10-04-2026",Extra Joss,5000,3,15000
1024,"10-04-2026",Joshua,7000,1,7000
1025,"11-04-2026",Extra Joss,5000,1,5000
1026,"11-04-2026",Beng-Beng,8000,1,8000
1026,"11-04-2026",Es Kopi Susu Aren,12000,1,12000
1027,"11-04-2026",Giras Susu,8000,2,16000
1027,"11-04-2026",Nutrisari Susu,7000,1,7000
1028,"11-04-2026",Bimsu,7000,1,7000
1029,"11-04-2026",Kopi Hitam,6000,2,12000
1030,"11-04-2026",Kopi Susu,7000,1,7000
1031,"11-04-2026",Es Kopi Susu Aren,12000,2,24000
1032,"11-04-2026",Susu,5000,3,15000
1033,"11-04-2026",Teh,4000,1,4000
1034,"11-04-2026",Kuku Bima,5000,1,5000
1035,"11-04-2026",Giras Susu,8000,1,8000
1036,"11-04-2026",Kopi Hitam,6000,1,6000
1037,"11-04-2026",Matcha,8000,1,8000
1037,"11-04-2026",Kopi Susu,7000,1,7000
1038,"11-04-2026",Joshua,7000,2,14000
1039,"11-04-2026",Teh,4000,1,4000
1040,"11-04-2026",Kopi Susu,7000,1,7000
1041,"11-04-2026",Joshua,7000,1,7000
1042,"11-04-2026",Kopi Susu,7000,2,14000
1042,"11-04-2026",Bimsu,7000,1,7000
1043,"11-04-2026",Teh Susu,7000,1,7000
1044,"11-04-2026",Kopi Jahe,6000,1,6000
1044,"11-04-2026",Kopi Hitam,6000,1,6000
1045,"11-04-2026",Milo,8000,2,16000
1046,"11-04-2026",Es Kopi Susu,10000,1,10000
1046,"11-04-2026",Kopi Hitam,6000,1,6000
1047,"11-04-2026",Kopi Susu,7000,1,7000
1048,"11-04-2026",Milo,8000,1,8000
1048,"11-04-2026",Kopi Susu,7000,2,14000
1049,"12-04-2026",Taro,8000,1,8000
1049,"12-04-2026",Nutrisari Susu,7000,1,7000
1050,"12-04-2026",Kuku Bima,5000,1,5000
1051,"12-04-2026",Kopi Hitam,6000,2,12000
1051,"12-04-2026",Kuku Bima,5000,1,5000
1052,"12-04-2026",Indomie,6000,1,6000
1053,"12-04-2026",Joshua,7000,1,7000
1054,"12-04-2026",Kopi Hitam,6000,1,6000
1055,"12-04-2026",Nutrisari,5000,1,5000
1055,"12-04-2026",Kopi Susu,7000,2,14000
1056,"12-04-2026",Joshua,7000,2,14000
1056,"12-04-2026",Es Kopi Susu,10000,1,10000
1057,"12-04-2026",Teh,4000,1,4000
1058,"12-04-2026",Telur Goreng,3000,3,9000
1059,"12-04-2026",Joshua,7000,1,7000
1060,"12-04-2026",Matcha,8000,2,16000
1061,"12-04-2026",Teh,4000,1,4000
1061,"12-04-2026",Es Kopi Susu Aren,12000,2,24000
1062,"12-04-2026",Kopi Hitam,6000,1,6000
1063,"12-04-2026",Air Mineral,3000,1,3000
1064,"12-04-2026",Es Kopi Susu,10000,1,10000
1065,"12-04-2026",Kopi Hitam,6000,2,12000
1066,"12-04-2026",Indomie,6000,2,12000
1066,"12-04-2026",Matcha,8000,2,16000
1067,"12-04-2026",Es Kopi Susu Aren,12000,1,12000
1068,"12-04-2026",Kopi Hitam,6000,1,6000
1068,"12-04-2026",Nutrisari Susu,7000,1,7000
1069,"12-04-2026",Kopi Susu,7000,1,7000
1070,"12-04-2026",Kopi Susu,7000,1,7000
1071,"12-04-2026",Teh Susu,7000,2,14000
1072,"12-04-2026",Kuku Bima,5000,2,10000
1073,"12-04-2026",Joshua,7000,1,7000
1073,"12-04-2026",Kopi Hitam,6000,1,6000
1074,"13-04-2026",Teh Susu,7000,1,7000
1075,"13-04-2026",Extra Joss,5000,1,5000
1076,"13-04-2026",Air Mineral,3000,2,6000
1076,"13-04-2026",Kopi Hitam,6000,1,6000
1077,"13-04-2026",Taro,8000,1,8000
1078,"13-04-2026",Kopi Susu,7000,1,7000
1079,"13-04-2026",Kopi Susu,7000,1,7000
1080,"13-04-2026",Kopi Hitam,6000,1,6000
1081,"13-04-2026",Teh,4000,2,8000
1081,"13-04-2026",Indomie,6000,1,6000
1082,"13-04-2026",Teh Susu,7000,1,7000
1083,"13-04-2026",Kopi Hitam,6000,1,6000
1083,"13-04-2026",Es Kopi Susu,10000,1,10000
1084,"13-04-2026",Giras,7000,1,7000
1085,"13-04-2026",Joshua,7000,1,7000
1085,"13-04-2026",Kopi Hitam,6000,1,6000
1086,"13-04-2026",Nutrisari,5000,1,5000
1086,"13-04-2026",Teh Susu,7000,3,21000
1087,"13-04-2026",Giras,7000,2,14000
1087,"13-04-2026",Joshua,7000,2,14000
1088,"13-04-2026",Joshua,7000,1,7000
1089,"13-04-2026",Kopi Hitam,6000,1,6000
1090,"13-04-2026",Es Kopi Susu,10000,1,10000
1091,"13-04-2026",Nutrisari,5000,1,5000
1092,"13-04-2026",Joshua,7000,1,7000
1092,"13-04-2026",Kopi Susu,7000,1,7000
1093,"13-04-2026",Teh Susu,7000,2,14000
1093,"13-04-2026",Kopi Jahe,6000,1,6000
1094,"13-04-2026",Indomie,6000,3,18000
1095,"13-04-2026",Joshua,7000,2,14000
1096,"13-04-2026",Kopi Hitam,6000,1,6000
1097,"13-04-2026",Indomie,6000,1,6000
1097,"13-04-2026",Kopi Susu,7000,1,7000
1098,"13-04-2026",Teh,4000,1,4000
1099,"13-04-2026",Joshua,7000,1,7000
1099,"13-04-2026",Telur Goreng,3000,1,3000
1100,"13-04-2026",Teh,4000,3,12000
1101,"14-04-2026",Teh Susu,7000,1,7000
1102,"14-04-2026",Indomie,6000,1,6000
1103,"14-04-2026",Giras Susu,8000,2,16000
1103,"14-04-2026",Joshua,7000,1,7000
1104,"14-04-2026",Kopi Susu,7000,1,7000
1105,"14-04-2026",Matcha,8000,1,8000
1105,"14-04-2026",Joshua,7000,1,7000
1106,"14-04-2026",Taro,8000,2,16000
1107,"14-04-2026",Kopi Susu,7000,2,14000
1107,"14-04-2026",Kopi Hitam,6000,1,6000
1108,"14-04-2026",Teh,4000,1,4000
1109,"14-04-2026",Taro,8000,2,16000
1109,"14-04-2026",Teh,4000,3,12000
1110,"14-04-2026",Extra Joss,5000,1,5000
1110,"14-04-2026",Teh,4000,1,4000
1111,"14-04-2026",Joshua,7000,1,7000
1111,"14-04-2026",Teh,4000,1,4000
1112,"14-04-2026",Joshua,7000,1,7000
1112,"14-04-2026",Milo,8000,1,8000
1113,"14-04-2026",Joshua,7000,1,7000
1114,"14-04-2026",Kopi Susu,7000,1,7000
1115,"14-04-2026",Kopi Susu,7000,1,7000
1115,"14-04-2026",Joshua,7000,1,7000
1116,"14-04-2026",Indomie,6000,1,6000
1117,"14-04-2026",Joshua,7000,2,14000
1117,"14-04-2026",Telur Goreng,3000,1,3000
1118,"14-04-2026",Teh,4000,1,4000
1119,"14-04-2026",Teh Susu,7000,1,7000
1120,"14-04-2026",Kopi Hitam,6000,1,6000
1121,"14-04-2026",Joshua,7000,1,7000
1121,"14-04-2026",Extra Joss,5000,1,5000
1122,"14-04-2026",Teh Susu,7000,1,7000
1122,"14-04-2026",Susu,5000,1,5000
1123,"14-04-2026",Kopi Hitam,6000,2,12000
1123,"14-04-2026",Kopi Susu,7000,1,7000
1124,"14-04-2026",Extra Joss,5000,1,5000
1124,"14-04-2026",Beng-Beng,8000,1,8000
1125,"14-04-2026",Kopi Susu,7000,1,7000
1126,"14-04-2026",Kopi Hitam,6000,2,12000
1127,"14-04-2026",Joshua,7000,1,7000
1127,"14-04-2026",Kopi Susu,7000,1,7000
1128,"15-04-2026",Nutrisari,5000,1,5000
1129,"15-04-2026",Kopi Hitam,6000,1,6000
1129,"15-04-2026",Indomie,6000,2,12000
1130,"15-04-2026",Teh Susu,7000,1,7000
1130,"15-04-2026",Es Kopi Susu Aren,12000,1,12000
1131,"15-04-2026",Kopi Susu,7000,1,7000
1132,"15-04-2026",Nutrisari,5000,3,15000
1132,"15-04-2026",Beng-Beng,8000,2,16000
1133,"15-04-2026",Kuku Bima,5000,1,5000
1134,"15-04-2026",Milo,8000,1,8000
1135,"15-04-2026",Kopi Hitam,6000,2,12000
1135,"15-04-2026",Es Kopi Susu Aren,12000,1,12000
1136,"15-04-2026",Joshua,7000,2,14000
1136,"15-04-2026",Es Kopi Susu Aren,12000,1,12000
1137,"15-04-2026",Joshua,7000,1,7000
1137,"15-04-2026",Teh,4000,1,4000
1138,"15-04-2026",Milo,8000,1,8000
1139,"15-04-2026",Kuku Bima,5000,1,5000
1140,"15-04-2026",Kopi Hitam,6000,1,6000
1141,"15-04-2026",Joshua,7000,1,7000
1141,"15-04-2026",Extra Joss,5000,2,10000
1142,"15-04-2026",Taro,8000,1,8000
1143,"15-04-2026",Matcha,8000,1,8000
1144,"15-04-2026",Kopi Jahe,6000,1,6000
1145,"15-04-2026",Teh Susu,7000,1,7000
1146,"15-04-2026",Nutrisari Susu,7000,1,7000
1147,"15-04-2026",Kopi Hitam,6000,1,6000
1147,"15-04-2026",Es Kopi Susu,10000,1,10000
1148,"15-04-2026",Joshua,7000,1,7000
1149,"15-04-2026",Teh,4000,2,8000
1150,"15-04-2026",Joshua,7000,1,7000
1151,"15-04-2026",Teh,4000,1,4000
1151,"15-04-2026",Kopi Susu,7000,2,14000
1152,"15-04-2026",Telur Goreng,3000,1,3000
1153,"15-04-2026",Es Kopi Susu,10000,1,10000
1154,"15-04-2026",Joshua,7000,1,7000
1155,"16-04-2026",Telur Goreng,3000,2,6000
1156,"16-04-2026",Nutrisari,5000,2,10000
1156,"16-04-2026",Nutrisari Susu,7000,2,14000
1157,"16-04-2026",Kopi Susu,7000,1,7000
1158,"16-04-2026",Kopi Susu,7000,1,7000
1159,"16-04-2026",Indomie,6000,1,6000
1159,"16-04-2026",Kopi Jahe,6000,1,6000
1160,"16-04-2026",Milo,8000,1,8000
1161,"16-04-2026",Extra Joss,5000,1,5000
1162,"16-04-2026",Kopi Hitam,6000,1,6000
1163,"16-04-2026",Joshua,7000,1,7000
1164,"16-04-2026",Teh,4000,1,4000
1165,"16-04-2026",Kopi Susu,7000,1,7000
1165,"16-04-2026",Kopi Hitam,6000,1,6000
1166,"16-04-2026",Es Kopi Susu Aren,12000,2,24000
1167,"16-04-2026",Beng-Beng,8000,1,8000
1168,"16-04-2026",Kopi Susu,7000,2,14000
1169,"16-04-2026",Taro,8000,1,8000
1169,"16-04-2026",Matcha,8000,1,8000
1170,"16-04-2026",Kopi Hitam,6000,1,6000
1170,"16-04-2026",Taro,8000,1,8000
1171,"16-04-2026",Giras Susu,8000,1,8000
1171,"16-04-2026",Giras,7000,1,7000
1172,"16-04-2026",Kopi Jahe,6000,1,6000
1172,"16-04-2026",Kopi Susu,7000,1,7000
1173,"16-04-2026",Indomie,6000,1,6000
1174,"16-04-2026",Joshua,7000,1,7000
1175,"16-04-2026",Joshua,7000,1,7000
1175,"16-04-2026",Indomie,6000,1,6000
1176,"16-04-2026",Kuku Bima,5000,1,5000
1177,"16-04-2026",Joshua,7000,1,7000
1177,"16-04-2026",Kopi Susu,7000,1,7000
1178,"16-04-2026",Matcha,8000,2,16000
1178,"16-04-2026",Giras Susu,8000,1,8000
1179,"16-04-2026",Joshua,7000,1,7000
1180,"17-04-2026",Kopi Susu,7000,2,14000
1180,"17-04-2026",Kopi Jahe,6000,1,6000
1181,"17-04-2026",Teh Susu,7000,1,7000
1181,"17-04-2026",Joshua,7000,1,7000
1182,"17-04-2026",Kopi Hitam,6000,1,6000
1182,"17-04-2026",Kopi Susu,7000,1,7000
1183,"17-04-2026",Taro,8000,1,8000
1184,"17-04-2026",Bimsu,7000,1,7000
1185,"17-04-2026",Milo,8000,1,8000
1186,"17-04-2026",Teh,4000,1,4000
1186,"17-04-2026",Kopi Susu,7000,1,7000
1187,"17-04-2026",Kopi Hitam,6000,1,6000
1187,"17-04-2026",Milo,8000,2,16000
1188,"17-04-2026",Joshua,7000,2,14000
1188,"17-04-2026",Kopi Hitam,6000,1,6000
1189,"17-04-2026",Matcha,8000,1,8000
1189,"17-04-2026",Extra Joss,5000,1,5000
1190,"17-04-2026",Matcha,8000,2,16000
1190,"17-04-2026",Joshua,7000,2,14000
1191,"17-04-2026",Joshua,7000,1,7000
1192,"17-04-2026",Kopi Hitam,6000,1,6000
1192,"17-04-2026",Joshua,7000,3,21000
1193,"17-04-2026",Kopi Susu,7000,2,14000
1194,"17-04-2026",Extra Joss,5000,2,10000
1195,"17-04-2026",Kopi Hitam,6000,1,6000
1196,"17-04-2026",Kopi Susu,7000,2,14000
1196,"17-04-2026",Joshua,7000,1,7000
1197,"17-04-2026",Joshua,7000,2,14000
1197,"17-04-2026",Teh Susu,7000,2,14000
1198,"17-04-2026",Teh Susu,7000,1,7000
1198,"17-04-2026",Giras Susu,8000,1,8000
1199,"17-04-2026",Kopi Hitam,6000,2,12000
1199,"17-04-2026",Joshua,7000,1,7000
1200,"17-04-2026",Kopi Hitam,6000,3,18000
1201,"17-04-2026",Kuku Bima,5000,1,5000
1201,"17-04-2026",Matcha,8000,1,8000
1202,"17-04-2026",Joshua,7000,1,7000
1202,"17-04-2026",Nutrisari Susu,7000,1,7000
1203,"17-04-2026",Kopi Jahe,6000,1,6000
1203,"17-04-2026",Giras Susu,8000,1,8000
1204,"17-04-2026",Taro,8000,1,8000
1204,"17-04-2026",Nutrisari Susu,7000,1,7000
1205,"17-04-2026",Extra Joss,5000,1,5000
1206,"18-04-2026",Kopi Susu,7000,1,7000
1207,"18-04-2026",Kopi Hitam,6000,1,6000
1208,"18-04-2026",Joshua,7000,1,7000
1209,"18-04-2026",Milo,8000,1,8000
1209,"18-04-2026",Joshua,7000,2,14000
1210,"18-04-2026",Giras Susu,8000,1,8000
1210,"18-04-2026",Teh Susu,7000,1,7000
1211,"18-04-2026",Joshua,7000,2,14000
1211,"18-04-2026",Teh,4000,1,4000
1212,"18-04-2026",Joshua,7000,1,7000
1213,"18-04-2026",Extra Joss,5000,1,5000
1213,"18-04-2026",Giras,7000,2,14000
1214,"18-04-2026",Nutrisari,5000,2,10000
1215,"18-04-2026",Kopi Jahe,6000,1,6000
1216,"18-04-2026",Teh Susu,7000,2,14000
1216,"18-04-2026",Kopi Hitam,6000,1,6000
1217,"18-04-2026",Bimsu,7000,1,7000
1217,"18-04-2026",Kopi Hitam,6000,1,6000
1218,"18-04-2026",Kopi Hitam,6000,1,6000
1219,"18-04-2026",Teh,4000,1,4000
1219,"18-04-2026",Indomie,6000,2,12000
1220,"18-04-2026",Joshua,7000,3,21000
1221,"18-04-2026",Kopi Hitam,6000,1,6000
1221,"18-04-2026",Teh,4000,2,8000
1222,"18-04-2026",Telur Goreng,3000,3,9000
1223,"18-04-2026",Kopi Susu,7000,1,7000
1223,"18-04-2026",Joshua,7000,1,7000
1224,"18-04-2026",Kopi Hitam,6000,2,12000
1224,"18-04-2026",Teh Susu,7000,1,7000
1225,"18-04-2026",Teh,4000,2,8000
1225,"18-04-2026",Joshua,7000,1,7000
1226,"18-04-2026",Extra Joss,5000,1,5000
1227,"18-04-2026",Joshua,7000,1,7000
1228,"19-04-2026",Giras,7000,1,7000
1229,"19-04-2026",Kopi Hitam,6000,3,18000
1229,"19-04-2026",Beng-Beng,8000,1,8000
1230,"19-04-2026",Kopi Hitam,6000,2,12000
1230,"19-04-2026",Teh Susu,7000,2,14000
1231,"19-04-2026",Teh Susu,7000,3,21000
1232,"19-04-2026",Teh Susu,7000,2,14000
1233,"19-04-2026",Susu,5000,1,5000
1233,"19-04-2026",Kopi Susu,7000,1,7000
1234,"19-04-2026",Milo,8000,1,8000
1234,"19-04-2026",Kopi Hitam,6000,1,6000
1235,"19-04-2026",Telur Goreng,3000,1,3000
1236,"19-04-2026",Joshua,7000,1,7000
1237,"19-04-2026",Joshua,7000,1,7000
1237,"19-04-2026",Air Mineral,3000,1,3000
1238,"19-04-2026",Es Kopi Susu,10000,1,10000
1238,"19-04-2026",Teh Susu,7000,1,7000
1239,"19-04-2026",Joshua,7000,3,21000
1239,"19-04-2026",Teh,4000,1,4000
1240,"19-04-2026",Matcha,8000,1,8000
1240,"19-04-2026",Joshua,7000,1,7000
1241,"19-04-2026",Giras,7000,1,7000
1242,"19-04-2026",Giras,7000,1,7000
1242,"19-04-2026",Joshua,7000,3,21000
1243,"19-04-2026",Joshua,7000,1,7000
1243,"19-04-2026",Nutrisari Susu,7000,1,7000
1244,"19-04-2026",Kopi Susu,7000,2,14000
1244,"19-04-2026",Joshua,7000,1,7000
1245,"19-04-2026",Milo,8000,1,8000
1246,"19-04-2026",Kopi Hitam,6000,2,12000
1247,"19-04-2026",Joshua,7000,1,7000
1247,"19-04-2026",Kopi Hitam,6000,2,12000
1248,"19-04-2026",Teh Susu,7000,2,14000
1248,"19-04-2026",Nutrisari Susu,7000,1,7000
1249,"19-04-2026",Kopi Hitam,6000,2,12000
1250,"19-04-2026",Extra Joss,5000,1,5000
1251,"19-04-2026",Joshua,7000,2,14000
1251,"19-04-2026",Extra Joss,5000,3,15000
1252,"19-04-2026",Kopi Susu,7000,1,7000
1253,"19-04-2026",Teh,4000,2,8000
1253,"19-04-2026",Kopi Hitam,6000,1,6000
1254,"20-04-2026",Milo,8000,1,8000
1254,"20-04-2026",Beng-Beng,8000,2,16000
1255,"20-04-2026",Joshua,7000,1,7000
1255,"20-04-2026",Teh Susu,7000,2,14000
1256,"20-04-2026",Es Kopi Susu Aren,12000,1,12000
1256,"20-04-2026",Air Mineral,3000,1,3000
1257,"20-04-2026",Teh,4000,2,8000
1258,"20-04-2026",Joshua,7000,1,7000
1259,"20-04-2026",Joshua,7000,2,14000
1259,"20-04-2026",Nutrisari Susu,7000,1,7000
1260,"20-04-2026",Nutrisari,5000,1,5000
1261,"20-04-2026",Milo,8000,2,16000
1261,"20-04-2026",Joshua,7000,2,14000
1262,"20-04-2026",Extra Joss,5000,1,5000
1263,"20-04-2026",Teh Susu,7000,1,7000
1263,"20-04-2026",Teh,4000,1,4000
1264,"20-04-2026",Kopi Jahe,6000,1,6000
1265,"20-04-2026",Beng-Beng,8000,1,8000
1265,"20-04-2026",Joshua,7000,2,14000
1266,"20-04-2026",Beng-Beng,8000,1,8000
1266,"20-04-2026",Kopi Jahe,6000,1,6000
1267,"20-04-2026",Matcha,8000,1,8000
1268,"20-04-2026",Joshua,7000,1,7000
1269,"20-04-2026",Kopi Hitam,6000,1,6000
1269,"20-04-2026",Extra Joss,5000,1,5000
1270,"20-04-2026",Es Kopi Susu Aren,12000,1,12000
1271,"20-04-2026",Teh,4000,3,12000
1272,"20-04-2026",Beng-Beng,8000,1,8000
1272,"20-04-2026",Es Kopi Susu,10000,1,10000
1273,"20-04-2026",Telur Goreng,3000,2,6000
1274,"20-04-2026",Kopi Susu,7000,1,7000
1274,"20-04-2026",Teh,4000,2,8000
1275,"20-04-2026",Nutrisari Susu,7000,1,7000
1275,"20-04-2026",Kopi Susu,7000,1,7000
1276,"20-04-2026",Indomie,6000,1,6000
1276,"20-04-2026",Es Kopi Susu,10000,1,10000
1277,"20-04-2026",Teh Susu,7000,1,7000
1277,"20-04-2026",Nutrisari,5000,1,5000
1278,"20-04-2026",Joshua,7000,1,7000
1279,"20-04-2026",Joshua,7000,2,14000
1279,"20-04-2026",Kopi Hitam,6000,1,6000
1280,"21-04-2026",Kopi Susu,7000,1,7000
1281,"21-04-2026",Teh,4000,1,4000
1282,"21-04-2026",Teh,4000,1,4000
1283,"21-04-2026",Teh Susu,7000,1,7000
1283,"21-04-2026",Es Kopi Susu Aren,12000,1,12000
1284,"21-04-2026",Giras,7000,2,14000
1284,"21-04-2026",Joshua,7000,2,14000
1285,"21-04-2026",Kopi Susu,7000,1,7000
1286,"21-04-2026",Teh Susu,7000,1,7000
1286,"21-04-2026",Matcha,8000,1,8000
1287,"21-04-2026",Kopi Susu,7000,1,7000
1287,"21-04-2026",Teh,4000,1,4000
1288,"21-04-2026",Giras,7000,1,7000
1288,"21-04-2026",Joshua,7000,1,7000
1289,"21-04-2026",Teh,4000,2,8000
1290,"21-04-2026",Kopi Jahe,6000,1,6000
1291,"21-04-2026",Es Kopi Susu Aren,12000,1,12000
1292,"21-04-2026",Joshua,7000,1,7000
1293,"21-04-2026",Kuku Bima,5000,1,5000
1294,"21-04-2026",Teh,4000,2,8000
1294,"21-04-2026",Joshua,7000,1,7000
1295,"21-04-2026",Joshua,7000,1,7000
1296,"21-04-2026",Teh,4000,1,4000
1297,"21-04-2026",Teh Susu,7000,1,7000
1297,"21-04-2026",Nutrisari Susu,7000,1,7000
1298,"21-04-2026",Joshua,7000,1,7000
1298,"21-04-2026",Kuku Bima,5000,1,5000
1299,"21-04-2026",Joshua,7000,1,7000
1299,"21-04-2026",Kopi Hitam,6000,1,6000
1300,"21-04-2026",Giras,7000,1,7000
1300,"21-04-2026",Kuku Bima,5000,1,5000
1301,"21-04-2026",Air Mineral,3000,1,3000
1301,"21-04-2026",Indomie,6000,1,6000
1302,"21-04-2026",Extra Joss,5000,1,5000
1303,"22-04-2026",Teh,4000,3,12000
1304,"22-04-2026",Kopi Hitam,6000,2,12000
1304,"22-04-2026",Joshua,7000,1,7000
1305,"22-04-2026",Giras Susu,8000,1,8000
1306,"22-04-2026",Joshua,7000,1,7000
1306,"22-04-2026",Teh,4000,1,4000
1307,"22-04-2026",Susu,5000,1,5000
1308,"22-04-2026",Kopi Jahe,6000,1,6000
1308,"22-04-2026",Giras,7000,1,7000
1309,"22-04-2026",Kuku Bima,5000,1,5000
1309,"22-04-2026",Kopi Hitam,6000,1,6000
1310,"22-04-2026",Teh Susu,7000,1,7000
1310,"22-04-2026",Beng-Beng,8000,1,8000
1311,"22-04-2026",Joshua,7000,1,7000
1312,"22-04-2026",Indomie,6000,2,12000
1313,"22-04-2026",Teh,4000,1,4000
1314,"22-04-2026",Es Kopi Susu Aren,12000,1,12000
1314,"22-04-2026",Giras Susu,8000,1,8000
1315,"22-04-2026",Joshua,7000,1,7000
1316,"22-04-2026",Es Kopi Susu,10000,1,10000
1317,"22-04-2026",Extra Joss,5000,1,5000
1318,"22-04-2026",Susu,5000,2,10000
1319,"22-04-2026",Teh Susu,7000,1,7000
1319,"22-04-2026",Telur Goreng,3000,1,3000
1320,"22-04-2026",Teh,4000,1,4000
1320,"22-04-2026",Es Kopi Susu,10000,1,10000
1321,"22-04-2026",Milo,8000,1,8000
1321,"22-04-2026",Kuku Bima,5000,3,15000
1322,"22-04-2026",Kopi Susu,7000,1,7000
1322,"22-04-2026",Giras,7000,2,14000
1323,"22-04-2026",Kopi Jahe,6000,2,12000
1323,"22-04-2026",Kopi Hitam,6000,1,6000
1324,"22-04-2026",Kopi Jahe,6000,1,6000
1325,"22-04-2026",Kopi Hitam,6000,1,6000
1326,"23-04-2026",Joshua,7000,2,14000
1326,"23-04-2026",Beng-Beng,8000,3,24000
1327,"23-04-2026",Teh,4000,2,8000
1327,"23-04-2026",Joshua,7000,1,7000
1328,"23-04-2026",Kopi Hitam,6000,1,6000
1328,"23-04-2026",Teh Susu,7000,2,14000
1329,"23-04-2026",Kopi Susu,7000,1,7000
1329,"23-04-2026",Teh Susu,7000,1,7000
1330,"23-04-2026",Giras Susu,8000,2,16000
1331,"23-04-2026",Indomie,6000,2,12000
1331,"23-04-2026",Teh Susu,7000,1,7000
1332,"23-04-2026",Giras,7000,2,14000
1333,"23-04-2026",Nutrisari,5000,1,5000
1333,"23-04-2026",Teh Susu,7000,1,7000
1334,"23-04-2026",Es Kopi Susu,10000,2,20000
1334,"23-04-2026",Indomie,6000,1,6000
1335,"23-04-2026",Nutrisari Susu,7000,1,7000
1336,"23-04-2026",Susu,5000,1,5000
1336,"23-04-2026",Matcha,8000,1,8000
1337,"23-04-2026",Teh,4000,1,4000
1338,"23-04-2026",Teh,4000,1,4000
1339,"23-04-2026",Kuku Bima,5000,1,5000
1340,"23-04-2026",Extra Joss,5000,1,5000
1341,"23-04-2026",Kopi Hitam,6000,2,12000
1342,"23-04-2026",Joshua,7000,2,14000
1342,"23-04-2026",Es Kopi Susu,10000,1,10000
1343,"23-04-2026",Joshua,7000,1,7000
1343,"23-04-2026",Teh,4000,1,4000
1344,"23-04-2026",Teh Susu,7000,2,14000
1345,"23-04-2026",Joshua,7000,2,14000
1346,"23-04-2026",Giras,7000,1,7000
1347,"23-04-2026",Kopi Susu,7000,1,7000
1348,"23-04-2026",Bimsu,7000,3,21000
1349,"23-04-2026",Kopi Hitam,6000,3,18000
1350,"23-04-2026",Joshua,7000,2,14000
1350,"23-04-2026",Kopi Hitam,6000,1,6000
1351,"23-04-2026",Teh,4000,2,8000
1351,"23-04-2026",Joshua,7000,1,7000
1352,"23-04-2026",Kopi Hitam,6000,2,12000
1353,"23-04-2026",Milo,8000,1,8000
1353,"23-04-2026",Kopi Susu,7000,1,7000
1354,"24-04-2026",Matcha,8000,1,8000
1355,"24-04-2026",Bimsu,7000,3,21000
1356,"24-04-2026",Giras,7000,1,7000
1356,"24-04-2026",Kopi Susu,7000,1,7000
1357,"24-04-2026",Indomie,6000,1,6000
1358,"24-04-2026",Teh,4000,1,4000
1359,"24-04-2026",Kopi Susu,7000,1,7000
1360,"24-04-2026",Nutrisari Susu,7000,1,7000
1361,"24-04-2026",Extra Joss,5000,1,5000
1362,"24-04-2026",Kopi Susu,7000,1,7000
1363,"24-04-2026",Kuku Bima,5000,1,5000
1364,"24-04-2026",Telur Goreng,3000,1,3000
1364,"24-04-2026",Kuku Bima,5000,2,10000
1365,"24-04-2026",Joshua,7000,3,21000
1366,"24-04-2026",Teh,4000,1,4000
1366,"24-04-2026",Joshua,7000,1,7000
1367,"24-04-2026",Air Mineral,3000,2,6000
1367,"24-04-2026",Milo,8000,3,24000
1368,"24-04-2026",Kopi Susu,7000,1,7000
1368,"24-04-2026",Joshua,7000,2,14000
1369,"24-04-2026",Bimsu,7000,1,7000
1369,"24-04-2026",Kopi Hitam,6000,1,6000
1370,"24-04-2026",Teh Susu,7000,1,7000
1371,"24-04-2026",Telur Goreng,3000,1,3000
1371,"24-04-2026",Joshua,7000,1,7000
1372,"24-04-2026",Joshua,7000,1,7000
1373,"24-04-2026",Kopi Hitam,6000,1,6000
1374,"24-04-2026",Kopi Hitam,6000,1,6000
1374,"24-04-2026",Kuku Bima,5000,1,5000
1375,"24-04-2026",Kopi Susu,7000,1,7000
1375,"24-04-2026",Susu,5000,1,5000
1376,"25-04-2026",Teh,4000,1,4000
1376,"25-04-2026",Teh Susu,7000,1,7000
1377,"25-04-2026",Joshua,7000,1,7000
1378,"25-04-2026",Kopi Susu,7000,1,7000
1379,"25-04-2026",Joshua,7000,1,7000
1379,"25-04-2026",Teh,4000,2,8000
1380,"25-04-2026",Joshua,7000,1,7000
1381,"25-04-2026",Kopi Hitam,6000,1,6000
1381,"25-04-2026",Bimsu,7000,2,14000
1382,"25-04-2026",Indomie,6000,1,6000
1382,"25-04-2026",Es Kopi Susu Aren,12000,1,12000
1383,"25-04-2026",Beng-Beng,8000,3,24000
1383,"25-04-2026",Kopi Hitam,6000,3,18000
1384,"25-04-2026",Matcha,8000,2,16000
1385,"25-04-2026",Telur Goreng,3000,1,3000
1386,"25-04-2026",Kopi Susu,7000,2,14000
1386,"25-04-2026",Joshua,7000,1,7000
1387,"25-04-2026",Kopi Hitam,6000,1,6000
1387,"25-04-2026",Giras,7000,2,14000
1388,"25-04-2026",Giras Susu,8000,3,24000
1389,"25-04-2026",Teh,4000,1,4000
1389,"25-04-2026",Kopi Susu,7000,2,14000
1390,"25-04-2026",Joshua,7000,3,21000
1390,"25-04-2026",Kopi Hitam,6000,1,6000
1391,"25-04-2026",Kuku Bima,5000,1,5000
1391,"25-04-2026",Joshua,7000,1,7000
1392,"25-04-2026",Joshua,7000,1,7000
1392,"25-04-2026",Giras,7000,1,7000
1393,"25-04-2026",Kopi Susu,7000,3,21000
1393,"25-04-2026",Joshua,7000,1,7000
1394,"25-04-2026",Kopi Hitam,6000,3,18000
1395,"25-04-2026",Teh Susu,7000,1,7000
1395,"25-04-2026",Nutrisari,5000,2,10000
1396,"25-04-2026",Milo,8000,1,8000
1396,"25-04-2026",Kopi Susu,7000,1,7000
1397,"25-04-2026",Kuku Bima,5000,1,5000
1398,"25-04-2026",Matcha,8000,1,8000
1398,"25-04-2026",Indomie,6000,1,6000
1399,"26-04-2026",Kopi Susu,7000,1,7000
1399,"26-04-2026",Es Kopi Susu Aren,12000,1,12000
1400,"26-04-2026",Milo,8000,1,8000
1401,"26-04-2026",Teh Susu,7000,2,14000
1401,"26-04-2026",Telur Goreng,3000,1,3000
1402,"26-04-2026",Giras,7000,2,14000
1403,"26-04-2026",Teh Susu,7000,2,14000
1404,"26-04-2026",Matcha,8000,2,16000
1405,"26-04-2026",Taro,8000,1,8000
1405,"26-04-2026",Joshua,7000,1,7000
1406,"26-04-2026",Indomie,6000,3,18000
1406,"26-04-2026",Kopi Hitam,6000,2,12000
1407,"26-04-2026",Indomie,6000,1,6000
1407,"26-04-2026",Taro,8000,1,8000
1408,"26-04-2026",Indomie,6000,1,6000
1408,"26-04-2026",Kopi Jahe,6000,1,6000
1409,"26-04-2026",Telur Goreng,3000,2,6000
1410,"26-04-2026",Telur Goreng,3000,3,9000
1411,"26-04-2026",Es Kopi Susu Aren,12000,1,12000
1411,"26-04-2026",Kopi Hitam,6000,1,6000
1412,"26-04-2026",Kopi Hitam,6000,3,18000
1412,"26-04-2026",Es Kopi Susu,10000,1,10000
1413,"26-04-2026",Giras Susu,8000,1,8000
1414,"26-04-2026",Joshua,7000,2,14000
1414,"26-04-2026",Teh Susu,7000,1,7000
1415,"26-04-2026",Kuku Bima,5000,1,5000
1415,"26-04-2026",Giras Susu,8000,1,8000
1416,"26-04-2026",Nutrisari Susu,7000,2,14000
1416,"26-04-2026",Es Kopi Susu Aren,12000,1,12000
1417,"26-04-2026",Teh,4000,1,4000
1417,"26-04-2026",Kopi Susu,7000,1,7000
1418,"26-04-2026",Kopi Hitam,6000,1,6000
1419,"26-04-2026",Kuku Bima,5000,1,5000
1420,"26-04-2026",Indomie,6000,1,6000
1420,"26-04-2026",Joshua,7000,1,7000
1421,"26-04-2026",Kopi Susu,7000,1,7000
1421,"26-04-2026",Matcha,8000,1,8000
1422,"26-04-2026",Kopi Susu,7000,2,14000
1422,"26-04-2026",Joshua,7000,1,7000
1423,"27-04-2026",Giras Susu,8000,1,8000
1424,"27-04-2026",Matcha,8000,1,8000
1425,"27-04-2026",Air Mineral,3000,3,9000
1426,"27-04-2026",Extra Joss,5000,1,5000
1427,"27-04-2026",Joshua,7000,1,7000
1428,"27-04-2026",Joshua,7000,1,7000
1428,"27-04-2026",Giras Susu,8000,1,8000
1429,"27-04-2026",Telur Goreng,3000,1,3000
1429,"27-04-2026",Indomie,6000,1,6000
1430,"27-04-2026",Kopi Hitam,6000,1,6000
1430,"27-04-2026",Kopi Susu,7000,1,7000
1431,"27-04-2026",Joshua,7000,1,7000
1431,"27-04-2026",Air Mineral,3000,1,3000
1432,"27-04-2026",Joshua,7000,1,7000
1432,"27-04-2026",Kopi Susu,7000,1,7000
1433,"27-04-2026",Teh,4000,1,4000
1433,"27-04-2026",Kuku Bima,5000,1,5000
1434,"27-04-2026",Extra Joss,5000,1,5000
1434,"27-04-2026",Giras,7000,1,7000
1435,"27-04-2026",Joshua,7000,2,14000
1436,"27-04-2026",Joshua,7000,1,7000
1436,"27-04-2026",Kuku Bima,5000,1,5000
1437,"27-04-2026",Teh,4000,1,4000
1437,"27-04-2026",Teh Susu,7000,1,7000
1438,"27-04-2026",Joshua,7000,3,21000
1439,"27-04-2026",Kopi Susu,7000,2,14000
1439,"27-04-2026",Susu,5000,1,5000
1440,"27-04-2026",Kopi Hitam,6000,1,6000
1440,"27-04-2026",Joshua,7000,1,7000
1441,"27-04-2026",Joshua,7000,3,21000
1441,"27-04-2026",Kopi Hitam,6000,1,6000
1442,"27-04-2026",Extra Joss,5000,2,10000
1442,"27-04-2026",Bimsu,7000,1,7000
1443,"27-04-2026",Kuku Bima,5000,1,5000
1444,"27-04-2026",Kopi Jahe,6000,1,6000
1445,"28-04-2026",Joshua,7000,1,7000
1446,"28-04-2026",Kopi Jahe,6000,1,6000
1447,"28-04-2026",Teh Susu,7000,1,7000
1447,"28-04-2026",Indomie,6000,1,6000
1448,"28-04-2026",Kopi Susu,7000,1,7000
1448,"28-04-2026",Bimsu,7000,2,14000
1449,"28-04-2026",Kopi Susu,7000,1,7000
1449,"28-04-2026",Es Kopi Susu,10000,1,10000
1450,"28-04-2026",Es Kopi Susu,10000,2,20000
1451,"28-04-2026",Kopi Jahe,6000,1,6000
1452,"28-04-2026",Air Mineral,3000,1,3000
1453,"28-04-2026",Kopi Hitam,6000,1,6000
1453,"28-04-2026",Joshua,7000,2,14000
1454,"28-04-2026",Giras Susu,8000,1,8000
1455,"28-04-2026",Joshua,7000,2,14000
1456,"28-04-2026",Kopi Susu,7000,1,7000
1456,"28-04-2026",Matcha,8000,1,8000
1457,"28-04-2026",Kopi Hitam,6000,1,6000
1458,"28-04-2026",Joshua,7000,1,7000
1459,"28-04-2026",Joshua,7000,1,7000
1459,"28-04-2026",Kopi Susu,7000,1,7000
1460,"28-04-2026",Kopi Hitam,6000,1,6000
1460,"28-04-2026",Joshua,7000,2,14000
1461,"28-04-2026",Joshua,7000,1,7000
1461,"28-04-2026",Kopi Jahe,6000,1,6000
1462,"28-04-2026",Joshua,7000,1,7000
1463,"28-04-2026",Teh Susu,7000,2,14000
1463,"28-04-2026",Bimsu,7000,1,7000
1464,"28-04-2026",Joshua,7000,1,7000
1464,"28-04-2026",Telur Goreng,3000,1,3000
1465,"28-04-2026",Es Kopi Susu,10000,2,20000
1465,"28-04-2026",Nutrisari Susu,7000,1,7000
1466,"28-04-2026",Beng-Beng,8000,1,8000
1467,"28-04-2026",Teh Susu,7000,1,7000
1467,"28-04-2026",Bimsu,7000,1,7000
1468,"28-04-2026",Joshua,7000,1,7000
1468,"28-04-2026",Susu,5000,2,10000
1469,"28-04-2026",Nutrisari,5000,3,15000
1470,"28-04-2026",Kopi Hitam,6000,1,6000
1470,"28-04-2026",Kuku Bima,5000,1,5000
1471,"29-04-2026",Indomie,6000,1,6000
1472,"29-04-2026",Joshua,7000,1,7000
1473,"29-04-2026",Beng-Beng,8000,1,8000
1473,"29-04-2026",Kopi Susu,7000,1,7000
1474,"29-04-2026",Air Mineral,3000,1,3000
1474,"29-04-2026",Kuku Bima,5000,1,5000
1475,"29-04-2026",Milo,8000,1,8000
1476,"29-04-2026",Kopi Susu,7000,1,7000
1477,"29-04-2026",Beng-Beng,8000,1,8000
1477,"29-04-2026",Teh,4000,1,4000
1478,"29-04-2026",Kuku Bima,5000,1,5000
1479,"29-04-2026",Joshua,7000,2,14000
1479,"29-04-2026",Giras,7000,1,7000
1480,"29-04-2026",Nutrisari Susu,7000,1,7000
1481,"29-04-2026",Giras,7000,1,7000
1482,"29-04-2026",Matcha,8000,2,16000
1482,"29-04-2026",Teh,4000,2,8000
1483,"29-04-2026",Joshua,7000,1,7000
1484,"29-04-2026",Taro,8000,2,16000
1485,"29-04-2026",Kopi Jahe,6000,2,12000
1485,"29-04-2026",Kopi Susu,7000,1,7000
1486,"29-04-2026",Kopi Susu,7000,1,7000
1487,"29-04-2026",Matcha,8000,1,8000
1488,"29-04-2026",Teh,4000,1,4000
1489,"29-04-2026",Kuku Bima,5000,1,5000
1489,"29-04-2026",Es Kopi Susu,10000,2,20000
1490,"29-04-2026",Es Kopi Susu,10000,1,10000
1491,"29-04-2026",Joshua,7000,2,14000
1491,"29-04-2026",Kopi Hitam,6000,1,6000
1492,"29-04-2026",Kopi Susu,7000,1,7000
1492,"29-04-2026",Air Mineral,3000,2,6000
1493,"29-04-2026",Joshua,7000,1,7000
1493,"29-04-2026",Air Mineral,3000,1,3000
1494,"29-04-2026",Kopi Hitam,6000,1,6000
1495,"29-04-2026",Kopi Hitam,6000,1,6000
1496,"29-04-2026",Joshua,7000,1,7000
1496,"29-04-2026",Nutrisari,5000,1,5000
1497,"29-04-2026",Giras,7000,2,14000
1498,"29-04-2026",Matcha,8000,1,8000
1498,"29-04-2026",Es Kopi Susu Aren,12000,1,12000
1499,"30-04-2026",Kopi Hitam,6000,1,6000
1499,"30-04-2026",Giras Susu,8000,1,8000
1500,"30-04-2026",Kopi Jahe,6000,1,6000
1500,"30-04-2026",Beng-Beng,8000,1,8000
1501,"30-04-2026",Nutrisari,5000,2,10000
1501,"30-04-2026",Kopi Hitam,6000,1,6000
1502,"30-04-2026",Kopi Susu,7000,1,7000
1503,"30-04-2026",Extra Joss,5000,1,5000
1503,"30-04-2026",Taro,8000,1,8000
1504,"30-04-2026",Telur Goreng,3000,1,3000
1504,"30-04-2026",Beng-Beng,8000,1,8000
1505,"30-04-2026",Kopi Susu,7000,2,14000
1506,"30-04-2026",Kopi Jahe,6000,1,6000
1506,"30-04-2026",Teh,4000,1,4000
1507,"30-04-2026",Air Mineral,3000,1,3000
1507,"30-04-2026",Teh,4000,1,4000
1508,"30-04-2026",Kopi Jahe,6000,1,6000
1509,"30-04-2026",Joshua,7000,1,7000
1510,"30-04-2026",Es Kopi Susu,10000,1,10000
1510,"30-04-2026",Taro,8000,1,8000
1511,"30-04-2026",Joshua,7000,1,7000
1511,"30-04-2026",Teh,4000,1,4000
1512,"30-04-2026",Joshua,7000,2,14000
1512,"30-04-2026",Nutrisari,5000,2,10000
1513,"30-04-2026",Es Kopi Susu Aren,12000,1,12000
1514,"30-04-2026",Beng-Beng,8000,1,8000
1514,"30-04-2026",Kopi Susu,7000,1,7000
1515,"30-04-2026",Teh,4000,1,4000
1515,"30-04-2026",Teh Susu,7000,1,7000
1516,"30-04-2026",Kopi Susu,7000,1,7000
1516,"30-04-2026",Nutrisari,5000,3,15000
1517,"30-04-2026",Joshua,7000,2,14000
1518,"30-04-2026",Kopi Susu,7000,1,7000
1519,"30-04-2026",Joshua,7000,1,7000
1520,"30-04-2026",Es Kopi Susu,10000,1,10000
1521,"30-04-2026",Nutrisari,5000,2,10000
1521,"30-04-2026",Kopi Susu,7000,2,14000
1522,"30-04-2026",Joshua,7000,1,7000
1523,"30-04-2026",Es Kopi Susu Aren,12000,1,12000
1523,"30-04-2026",Nutrisari,5000,3,15000
1524,"30-04-2026",Telur Goreng,3000,1,3000
1524,"30-04-2026",Indomie,6000,1,6000
1525,"30-04-2026",Milo,8000,1,8000
1525,"30-04-2026",Bimsu,7000,1,7000
